Rk,Player,Age,Team,Lg,WAR,W,L,W-L%,ERA,G,GS,GF,CG,SHO,SV,IP,H,R,ER,HR,BB,IBB,SO,HBP,BK,WP,BF,ERA+,FIP,WHIP,H9,HR9,BB9,SO9,SO/BB,Awards,Player-additional
1,Sandy Alcantara,30,MIA,NL,3.4,13,8,.619,3.46,29,29,0,1,1,0,189.2,175,78,73,18,50,0,140,7,2,1,784,114,3.75,1.186,8.3,0.9,2.4,6.6,2.80,,alcansa01
2,Cristopher Sánchez*,29,PHI,NL,7.7,16,4,.800,2.52,28,28,0,1,1,0,175.1,170,55,49,14,39,0,202,5,0,4,726,180,2.58,1.192,8.7,0.7,2.0,10.4,5.18,AS,sanchcr01
3,Michael Wacha,34,KCR,AL,3.4,8,8,.500,3.32,27,27,0,0,0,0,170.2,145,67,63,22,42,1,136,6,0,4,686,125,4.02,1.096,7.6,1.2,2.2,7.2,3.24,AS,wachami01
4,Jesús Luzardo*,28,PHI,NL,5.6,13,5,.722,3.02,28,28,0,0,0,0,169.2,139,65,57,15,51,0,209,10,1,8,697,150,2.86,1.120,7.4,0.8,2.7,11.1,4.10,AS,luzarje01
5,Eduardo Rodríguez*,33,ARI,NL,5.2,14,5,.737,2.59,28,28,0,0,0,0,167.0,148,52,48,14,55,0,122,0,1,0,686,162,3.71,1.216,8.0,0.8,3.0,6.6,2.22,AS,rodried05
6,Cam Schlittler,25,NYY,AL,5.9,12,6,.667,2.09,28,28,0,0,0,0,163.2,117,45,38,14,42,0,201,6,0,0,651,202,2.63,0.971,6.4,0.8,2.3,11.1,4.79,AS,schlica01
7,Gavin Williams,26,CLE,AL,2.4,13,7,.650,3.81,28,28,0,0,0,0,163.0,128,73,69,27,50,0,217,4,0,8,657,109,3.58,1.092,7.1,1.5,2.8,12.0,4.34,,williga01
8,Tanner Bibee,27,CLE,AL,2.2,5,14,.263,3.88,28,28,0,0,0,0,162.1,142,74,70,26,46,0,128,6,0,4,664,107,4.56,1.158,7.9,1.4,2.6,7.1,2.78,,bibeeta01
9,Michael King,31,SDP,NL,3.7,9,9,.500,3.11,28,28,0,0,0,0,162.0,126,58,56,18,63,0,141,12,1,2,662,129,4.19,1.167,7.0,1.0,3.5,7.8,2.24,,kingmi01
10,Parker Messick*,25,CLE,AL,5.4,11,8,.579,2.46,27,27,0,0,0,0,161.0,121,48,44,14,43,2,161,2,1,6,637,168,3.06,1.019,6.8,0.8,2.4,9.0,3.74,AS,messipa01
11,Braxton Ashcraft,26,PIT,NL,3.6,14,5,.737,3.59,27,27,0,1,0,0,160.1,138,70,64,21,35,0,164,7,1,2,645,123,3.54,1.079,7.7,1.2,2.0,9.2,4.69,AS,ashcrbr01
12,Logan Gilbert,29,SEA,AL,3.3,11,8,.579,3.42,27,27,0,0,0,0,160.1,126,61,61,22,40,1,166,5,0,3,638,115,3.65,1.035,7.1,1.2,2.2,9.3,4.15,,gilbelo01
13,Yoshinobu Yamamoto,27,LAD,NL,4.7,12,8,.600,2.56,24,24,0,1,0,0,158.0,105,46,45,16,36,1,153,6,0,2,607,160,3.27,0.892,6.0,0.9,2.1,8.7,4.25,AS,yamamyo01
14,Shane Baz,27,BAL,AL,1.5,5,14,.263,4.01,27,27,0,1,0,0,157.0,157,80,70,11,55,1,139,4,0,6,669,103,3.36,1.350,9.0,0.6,3.2,8.0,2.53,,bazsh01
15,Nolan McLean,24,NYM,NL,2.7,10,8,.556,3.06,27,27,0,0,0,0,155.2,114,65,53,15,61,0,172,15,0,2,644,133,3.60,1.124,6.6,0.9,3.5,9.9,2.82,,mcleano01
16,Kevin Gausman,35,2TM,2LG,1.0,8,11,.421,4.52,28,28,0,0,0,0,155.1,155,84,78,20,43,1,156,1,3,1,656,97,3.61,1.275,9.0,1.2,2.5,9.0,3.63,,gausmke01
16,Kevin Gausman,35,TOR,AL,1.1,5,10,.333,4.38,23,23,0,0,0,0,127.1,128,68,62,15,36,1,127,1,3,1,540,101,3.50,1.288,9.0,1.1,2.5,9.0,3.53,,gausmke01
16,Kevin Gausman,35,CHC,NL,0.0,3,1,.750,5.14,5,5,0,0,0,0,28.0,27,16,16,5,7,0,29,0,0,0,116,82,4.09,1.214,8.7,1.6,2.3,9.3,4.14,,gausmke01
17,Reid Detmers*,26,LAA,AL,3.1,4,8,.333,3.54,27,27,0,0,0,0,155.0,122,64,61,17,44,0,174,4,0,3,626,116,3.20,1.071,7.1,1.0,2.6,10.1,3.95,,detmere01
18,Sean Burke,26,CHW,AL,4.4,8,6,.571,3.20,28,24,1,0,0,0,154.2,123,57,55,18,54,0,167,8,2,10,635,133,3.65,1.144,7.2,1.0,3.1,9.7,3.09,,burkese01
19,MacKenzie Gore*,27,TEX,AL,1.5,8,10,.444,4.31,29,29,0,0,0,0,154.2,140,74,74,18,60,1,169,7,0,2,664,90,3.72,1.293,8.1,1.0,3.5,9.8,2.82,,gorema01
20,Taj Bradley,25,MIN,AL,3.5,10,6,.625,3.85,27,27,0,0,0,0,154.1,129,66,66,21,66,0,178,4,0,6,654,110,3.92,1.263,7.5,1.2,3.8,10.4,2.70,,bradlta01
21,Foster Griffin*,30,2TM,2LG,3.5,15,4,.789,3.21,27,27,0,0,0,0,154.1,134,62,55,23,39,0,139,8,1,3,630,133,4.14,1.121,7.8,1.3,2.3,8.1,3.56,AS,grifffo01
21,Foster Griffin*,30,WSN,NL,3.3,12,3,.800,3.06,22,22,0,0,0,0,129.1,109,49,44,19,30,0,116,8,1,3,524,140,4.09,1.075,7.6,1.3,2.1,8.1,3.87,,grifffo01
21,Foster Griffin*,30,CLE,AL,0.2,3,1,.750,3.96,5,5,0,0,0,0,25.0,25,13,11,4,9,0,23,0,0,0,106,106,4.41,1.360,9.0,1.4,3.2,8.3,2.56,,grifffo01
22,Seth Lugo,36,KCR,AL,-0.4,6,8,.429,5.03,28,28,0,0,0,0,154.0,170,94,86,18,49,0,118,7,1,2,662,82,4.17,1.422,9.9,1.1,2.9,6.9,2.41,,lugose01
23,Nick Martinez,35,TBR,AL,3.6,13,4,.765,2.99,26,26,0,1,0,0,153.2,147,51,51,18,22,0,91,3,0,5,618,144,3.92,1.100,8.6,1.1,1.3,5.3,4.14,AS,martini01
24,Cade Cavalli,27,WSN,NL,3.1,12,5,.706,3.12,29,29,0,0,0,0,152.2,137,64,53,17,46,0,177,13,1,4,640,137,3.38,1.199,8.1,1.0,2.7,10.4,3.85,,cavalca01
25,George Kirby,28,SEA,AL,1.4,9,10,.474,4.19,26,26,0,1,0,0,152.2,170,75,71,19,36,1,128,3,1,1,640,94,3.80,1.349,10.0,1.1,2.1,7.5,3.56,,kirbyge01
26,José Soriano,27,2TM,AL,3.0,11,7,.611,3.45,27,27,0,0,0,0,151.1,126,63,58,14,67,1,149,6,0,3,630,121,3.77,1.275,7.5,0.8,4.0,8.9,2.22,,soriajo02
26,José Soriano,27,LAA,AL,2.7,9,6,.600,3.29,22,22,0,0,0,0,123.0,97,49,45,12,57,1,127,4,0,1,511,124,3.78,1.252,7.1,0.9,4.2,9.3,2.23,,soriajo02
26,José Soriano,27,TOR,AL,0.4,2,1,.667,4.13,5,5,0,0,0,0,28.1,29,14,13,2,10,0,22,2,0,2,119,108,3.73,1.376,9.2,0.6,3.2,7.0,2.20,,soriajo02
27,Jacob Misiorowski,24,MIL,NL,5.6,14,5,.737,1.73,25,25,0,1,1,0,151.0,79,37,29,13,35,0,222,9,1,5,571,238,2.15,0.755,4.7,0.8,2.1,13.2,6.34,AS,misioja01
28,Framber Valdez*,32,DET,AL,1.0,8,10,.444,4.36,27,27,0,0,0,0,150.2,154,81,73,15,57,0,116,13,0,4,664,98,4.24,1.400,9.2,0.9,3.4,6.9,2.04,,valdefr01
29,Dylan Cease,30,TOR,AL,5.7,9,5,.643,2.33,25,25,0,1,1,0,150.1,93,44,39,10,65,0,217,3,1,5,601,190,2.43,1.051,5.6,0.6,3.9,13.0,3.34,AS,ceasedy01
30,Shota Imanaga*,32,CHC,NL,1.3,8,10,.444,4.01,27,27,0,0,0,0,150.1,137,69,67,33,35,0,148,6,0,4,616,105,4.80,1.144,8.2,2.0,2.1,8.9,4.23,,imanash01
31,Paul Skenes,24,PIT,NL,2.3,9,11,.450,3.97,28,28,0,0,0,0,149.2,129,74,66,15,44,0,179,9,0,2,619,111,3.07,1.156,7.8,0.9,2.6,10.8,4.07,AS,skenepa01
32,Logan Webb,29,SFG,NL,1.3,8,8,.500,4.21,25,25,0,1,0,0,149.2,136,73,70,11,38,0,119,11,0,1,621,94,3.44,1.163,8.2,0.7,2.3,7.2,3.13,AS,webblo01
33,Noah Cameron*,26,KCR,AL,1.6,9,8,.529,3.98,26,25,1,1,1,0,149.1,134,71,66,15,48,1,131,3,0,3,625,104,3.67,1.219,8.1,0.9,2.9,7.9,2.73,,camerno01
34,Bryce Elder,27,ATL,NL,1.2,8,8,.500,4.11,26,26,0,0,0,0,149.0,140,74,68,24,49,0,121,3,0,1,633,101,4.61,1.268,8.5,1.4,3.0,7.3,2.47,,elderbr01
35,Robbie Ray*,34,2TM,NL,2.6,11,7,.611,3.14,27,26,0,0,0,0,149.0,121,60,52,20,73,0,126,1,0,5,622,126,4.64,1.302,7.3,1.2,4.4,7.6,1.73,,rayro02
35,Robbie Ray*,34,SFG,NL,2.1,10,6,.625,3.08,22,21,0,0,0,0,122.2,101,50,42,15,57,0,107,1,0,3,512,128,4.36,1.288,7.4,1.1,4.2,7.9,1.88,,rayro02
35,Robbie Ray*,34,SDP,NL,0.5,1,1,.500,3.42,5,5,0,0,0,0,26.1,20,10,10,5,16,0,19,0,0,2,110,119,5.94,1.367,6.8,1.7,5.5,6.5,1.19,,rayro02
36,Andrew Abbott*,27,CIN,NL,1.7,6,10,.375,4.49,28,28,0,0,0,0,148.1,144,78,74,21,70,0,115,0,0,0,649,93,4.80,1.443,8.7,1.3,4.2,7.0,1.64,,abbotan01
37,Bryan Woo,26,SEA,AL,1.2,10,9,.526,4.25,26,26,0,0,0,0,148.1,131,75,70,18,31,1,149,7,1,3,606,93,3.43,1.092,7.9,1.1,1.9,9.0,4.81,,woobr01
38,Kyle Bradish,29,BAL,AL,1.3,7,12,.368,4.01,27,27,0,0,0,0,148.0,146,75,66,17,64,1,137,3,0,9,633,103,4.09,1.419,8.9,1.0,3.9,8.3,2.14,,bradiky01
39,Aaron Nola,33,PHI,NL,2.0,6,10,.375,4.93,28,28,0,0,0,0,148.0,156,83,81,32,51,2,157,1,0,2,638,92,4.84,1.399,9.5,1.9,3.1,9.5,3.08,,nolaaa01
40,Michael McGreevy,25,STL,NL,1.6,6,9,.400,3.97,27,27,0,0,0,0,147.1,145,69,65,20,40,0,102,1,0,2,608,98,4.31,1.256,8.9,1.2,2.4,6.2,2.55,,mcgremi01
41,Freddy Peralta,30,2TM,2LG,-0.3,7,11,.389,4.96,28,28,0,0,0,0,147.0,148,89,81,23,54,0,140,8,0,7,643,83,4.49,1.374,9.1,1.4,3.3,8.6,2.59,,peralfr01
41,Freddy Peralta,30,NYM,NL,-0.4,5,9,.357,4.99,22,22,0,0,0,0,113.2,120,71,63,17,48,0,113,5,0,7,512,82,4.45,1.478,9.5,1.3,3.8,8.9,2.35,,peralfr01
41,Freddy Peralta,30,TBR,AL,0.1,2,2,.500,4.86,6,6,0,0,0,0,33.1,28,18,18,6,6,0,27,3,0,0,131,89,4.62,1.020,7.6,1.6,1.6,7.3,4.50,,peralfr01
42,Drew Rasmussen,30,TBR,AL,3.5,14,5,.737,2.95,26,26,0,0,0,0,146.1,109,50,48,13,27,0,149,7,0,3,574,146,2.91,0.929,6.7,0.8,1.7,9.2,5.52,AS,rasmudr01
43,Chase Burns,23,CIN,NL,4.7,15,3,.833,2.79,26,26,0,0,0,0,145.1,118,50,45,15,50,0,171,1,0,5,592,151,3.13,1.156,7.3,0.9,3.1,10.6,3.42,AS,burnsch01
44,Chris Sale*,37,ATL,NL,5.1,13,9,.591,2.06,24,24,0,1,1,0,144.0,116,38,33,8,28,0,177,12,1,0,576,201,2.19,1.000,7.3,0.5,1.8,11.1,6.32,AS,salech01
45,Sonny Gray,36,BOS,AL,3.6,16,4,.800,2.82,25,25,0,0,0,0,143.2,132,46,45,15,37,0,128,5,1,1,586,145,3.55,1.176,8.3,0.9,2.3,8.0,3.46,,grayso01
46,Merrill Kelly,37,ARI,NL,0.1,9,12,.429,5.08,25,25,0,1,0,0,141.2,146,83,80,26,64,2,95,3,1,1,616,83,5.56,1.482,9.3,1.7,4.1,6.0,1.48,,kellyme01
47,Brady Singer,29,CIN,NL,1.1,5,13,.278,4.83,27,27,0,0,0,0,141.2,160,81,76,26,45,0,117,13,0,2,633,87,5.06,1.447,10.2,1.7,2.9,7.4,2.60,,singebr01
48,Landen Roupp,27,SFG,NL,0.8,8,13,.381,4.25,26,26,0,0,0,0,139.2,117,71,66,11,66,0,133,5,0,2,595,93,3.74,1.310,7.5,0.7,4.3,8.6,2.02,,rouppla01
49,Keider Montero,25,DET,AL,3.4,9,8,.529,3.24,28,22,3,0,0,1,139.0,107,54,50,14,31,2,92,5,0,1,556,132,3.86,0.993,6.9,0.9,2.0,6.0,2.97,,monteke01
50,Emerson Hancock,27,SEA,AL,2.5,7,8,.467,3.57,25,25,0,0,0,0,138.2,126,56,55,20,32,1,126,7,0,4,566,110,3.99,1.139,8.2,1.3,2.1,8.2,3.94,,hancoem01
51,J.T. Ginn,27,ATH,AL,3.3,9,8,.529,3.71,27,24,2,1,0,0,138.1,114,63,57,17,57,1,121,9,1,3,580,121,4.37,1.236,7.4,1.1,3.7,7.9,2.12,,ginnjt01
52,Trevor Rogers*,28,BAL,AL,1.2,9,9,.500,4.38,25,25,0,0,0,0,137.2,135,72,67,16,37,0,121,3,0,2,579,94,3.72,1.249,8.8,1.0,2.4,7.9,3.27,,rogertr01
53,Jacob deGrom,38,TEX,AL,1.9,10,9,.526,4.00,26,26,0,0,0,0,137.1,118,61,61,17,37,3,167,0,0,3,561,97,3.08,1.129,7.7,1.1,2.4,10.9,4.51,,degroja01
54,Ryan Weathers*,26,NYY,AL,2.3,5,8,.385,3.60,25,25,0,0,0,0,137.1,130,61,55,18,38,0,143,3,0,5,568,117,3.61,1.223,8.5,1.2,2.5,9.4,3.76,,weathry01
55,Anthony Kay*,31,CHW,AL,1.8,9,7,.563,4.28,28,26,0,0,0,0,136.2,136,70,65,19,49,0,113,22,2,5,611,100,4.81,1.354,9.0,1.3,3.2,7.4,2.31,,kayan01
56,Joey Cantillo*,26,CLE,AL,1.5,9,7,.563,3.70,28,28,0,0,0,0,136.1,128,66,56,15,70,0,145,3,0,5,589,112,4.00,1.452,8.4,1.0,4.6,9.6,2.07,,cantijo01
57,Andre Pallante,27,STL,NL,2.3,12,6,.667,3.57,24,24,0,0,0,0,136.0,128,56,54,10,41,0,97,6,0,5,564,109,3.66,1.243,8.5,0.7,2.7,6.4,2.37,,pallaan01
58,Matthew Liberatore*,26,STL,NL,-1.0,5,13,.278,5.41,27,27,0,0,0,0,134.2,151,87,81,25,47,0,141,5,0,5,589,72,4.57,1.470,10.1,1.7,3.1,9.4,3.00,,liberma01
59,Will Warren,27,NYY,AL,0.7,9,6,.600,4.23,27,26,0,0,0,0,134.0,141,76,63,20,46,1,133,4,1,4,586,100,4.17,1.396,9.5,1.3,3.1,8.9,2.89,,warrewi01
60,Nathan Eovaldi,36,TEX,AL,1.2,10,9,.526,4.21,22,22,0,0,0,0,132.2,128,65,62,24,32,0,137,7,0,5,555,92,4.26,1.206,8.7,1.6,2.2,9.3,4.28,,eovalna01
61,Peter Lambert,29,HOU,AL,2.8,8,7,.533,3.66,24,24,0,0,0,0,132.2,109,56,54,13,56,0,131,10,0,6,566,113,3.88,1.244,7.4,0.9,3.8,8.9,2.34,,lambepe01
62,Walker Buehler,31,SDP,NL,0.7,8,6,.571,4.66,27,27,0,0,0,0,131.1,129,69,68,17,49,2,111,5,0,3,559,86,4.32,1.355,8.8,1.2,3.4,7.6,2.27,,buehlwa01
63,Bubba Chandler,23,PIT,NL,1.3,6,9,.400,4.26,26,25,0,0,0,0,131.0,110,72,62,11,68,1,117,6,0,4,569,103,4.09,1.359,7.6,0.8,4.7,8.0,1.72,,chandbu01
64,Payton Tolle*,23,BOS,AL,2.3,8,6,.571,3.23,23,23,0,0,0,0,131.0,107,51,47,15,37,1,147,4,1,2,530,127,3.28,1.099,7.4,1.0,2.5,10.1,3.97,,tollepa01
65,Eury Pérez,23,MIA,NL,2.0,7,10,.412,3.44,24,24,0,0,0,0,130.2,92,56,50,14,56,0,142,8,1,4,530,115,3.78,1.133,6.3,1.0,3.9,9.8,2.54,,perezeu02
66,Zack Wheeler,36,PHI,NL,4.1,11,5,.688,3.31,23,23,0,0,0,0,130.1,101,49,48,19,41,0,154,4,0,2,524,137,3.66,1.090,7.0,1.3,2.8,10.6,3.76,,wheelza01
67,Brandon Young,27,BAL,AL,2.1,9,3,.750,3.38,23,23,0,0,0,0,130.1,128,58,49,17,46,0,103,2,0,2,556,122,4.31,1.335,8.8,1.2,3.2,7.1,2.24,,youngbr01
68,Kumar Rocker,26,TEX,AL,1.0,5,10,.333,4.44,26,24,0,0,0,0,129.2,130,65,64,18,55,0,124,4,0,8,570,88,4.35,1.427,9.0,1.2,3.8,8.6,2.25,,rockeku01
69,Kyle Leahy,29,STL,NL,2.9,10,4,.714,3.13,26,26,0,0,0,0,129.1,131,45,45,13,38,0,118,5,0,4,545,125,3.57,1.307,9.1,0.9,2.6,8.2,3.11,,leahyky01
70,Grant Holmes,30,ATL,NL,1.9,9,5,.643,3.71,26,25,1,0,0,0,128.2,117,55,53,19,55,0,103,3,0,5,552,112,4.76,1.337,8.2,1.3,3.8,7.2,1.87,,holmegr01
71,Colin Rea,35,CHC,NL,0.2,8,8,.500,4.48,28,19,5,0,0,1,128.2,127,66,64,20,45,0,97,7,1,1,554,94,4.82,1.337,8.9,1.4,3.1,6.8,2.16,,reaco01
72,Dustin May,28,2TM,NL,0.3,6,9,.400,4.69,26,26,0,1,1,0,128.2,125,70,67,10,45,0,122,10,1,7,547,84,3.49,1.321,8.7,0.7,3.1,8.5,2.71,,maydu01
72,Dustin May,28,STL,NL,0.6,5,7,.417,4.38,21,21,0,1,1,0,109.0,105,56,53,7,35,0,106,7,0,7,459,89,3.14,1.284,8.7,0.6,2.9,8.8,3.03,,maydu01
72,Dustin May,28,MIL,NL,-0.3,1,2,.333,6.41,5,5,0,0,0,0,19.2,20,14,14,3,10,0,16,3,1,0,88,65,5.43,1.525,9.2,1.4,4.6,7.3,1.60,,maydu01
73,Sean Manaea*,34,NYM,NL,0.0,4,7,.364,4.70,29,15,6,0,0,0,128.1,133,74,67,21,41,0,122,14,0,2,562,87,4.60,1.356,9.3,1.5,2.9,8.6,2.98,,manaese01
74,Justin Wrobleski*,25,LAD,NL,1.8,11,5,.688,3.65,22,20,1,0,0,0,128.1,113,54,52,20,29,0,104,5,0,2,526,113,4.29,1.106,7.9,1.4,2.0,7.3,3.59,AS,wroblju01
75,Randy Vásquez,27,SDP,NL,1.1,10,6,.625,4.02,27,22,2,0,0,0,127.2,129,61,57,15,35,1,79,5,1,1,535,100,4.32,1.285,9.1,1.1,2.5,5.6,2.26,,vasqura02
76,Tarik Skubal*,29,2TM,2LG,3.5,8,7,.533,2.84,21,21,0,0,0,0,126.2,98,44,40,12,21,0,153,5,0,0,495,149,2.52,0.939,7.0,0.9,1.5,10.9,7.29,,skubata01
76,Tarik Skubal*,29,DET,AL,2.8,7,5,.583,2.79,16,16,0,0,0,0,96.2,74,33,30,10,14,0,116,4,0,0,374,153,2.60,0.910,6.9,0.9,1.3,10.8,8.29,,skubata01
76,Tarik Skubal*,29,LAD,NL,0.7,1,2,.333,3.00,5,5,0,0,0,0,30.0,24,11,10,2,7,0,37,1,0,0,121,138,2.29,1.033,7.2,0.6,2.1,11.1,5.29,,skubata01
77,Joe Ryan,30,MIN,AL,1.9,6,8,.429,3.65,23,23,0,0,0,0,125.2,116,63,51,17,27,0,138,5,0,2,523,116,3.42,1.138,8.3,1.2,1.9,9.9,5.11,AS,ryanjo04
78,Tomoyuki Sugano,36,COL,NL,1.3,12,8,.600,5.23,24,24,0,0,0,0,125.2,142,76,73,27,29,0,75,3,0,1,540,94,5.46,1.361,10.2,1.9,2.1,5.4,2.59,,suganto01
79,Davis Martin,29,CHW,AL,1.8,9,6,.600,4.32,24,24,0,0,0,0,125.0,127,62,60,12,39,0,111,9,1,7,530,99,3.72,1.328,9.1,0.9,2.8,8.0,2.85,,martida03
80,Tyler Mahle,31,2TM,NL,1.2,5,10,.333,4.25,23,23,0,0,0,0,125.0,119,60,59,17,42,0,121,3,1,3,521,94,4.01,1.288,8.6,1.2,3.0,8.7,2.88,,mahlety01
80,Tyler Mahle,31,SFG,NL,-0.2,3,9,.250,5.13,18,18,0,0,0,0,94.2,95,55,54,14,37,0,89,2,1,3,404,77,4.37,1.394,9.0,1.3,3.5,8.5,2.41,,mahlety01
80,Tyler Mahle,31,ATL,NL,1.3,2,1,.667,1.48,5,5,0,0,0,0,30.1,24,5,5,3,5,0,32,1,0,0,117,283,2.86,0.956,7.1,0.9,1.5,9.5,6.40,,mahlety01
81,Kyle Freeland*,33,COL,NL,-0.2,4,10,.286,6.37,23,23,0,1,0,0,124.1,153,92,88,24,28,0,103,6,0,3,554,77,4.77,1.456,11.1,1.7,2.0,7.5,3.68,,freelky01
82,Zack Littell,30,2TM,NL,-0.5,8,8,.500,5.21,26,14,2,0,0,0,124.1,136,81,72,30,39,0,73,3,0,1,540,82,6.07,1.408,9.8,2.2,2.8,5.3,1.87,,litteza01
82,Zack Littell,30,WSN,NL,-0.1,7,8,.467,4.97,23,14,1,0,0,0,112.1,115,69,62,25,35,0,70,3,0,1,481,86,5.75,1.335,9.2,2.0,2.8,5.6,2.00,,litteza01
82,Zack Littell,30,ARI,NL,-0.4,1,0,1.000,7.50,3,0,1,0,0,0,12.0,21,12,10,5,4,0,3,0,0,0,59,58,9.01,2.083,15.8,3.8,3.0,2.3,0.75,,litteza01
83,Ranger Suarez*,30,BOS,AL,1.7,5,4,.556,3.64,24,24,0,0,0,0,123.2,114,53,50,8,39,0,119,6,0,0,516,113,3.10,1.237,8.3,0.6,2.8,8.7,3.05,AS,suarera01
84,Erick Fedde,33,CHW,AL,1.4,7,8,.467,4.16,29,13,3,0,0,0,123.1,124,65,57,22,45,2,88,3,0,2,532,103,5.15,1.370,9.0,1.6,3.3,6.4,1.96,,feddeer01
85,Walbert Ureña,22,LAA,AL,3.0,9,9,.500,2.85,25,23,0,0,0,0,123.1,91,46,39,8,64,1,120,8,1,6,525,144,3.74,1.257,6.6,0.6,4.7,8.8,1.88,,urenawa01
86,David Peterson*,30,2TM,NL,-0.6,7,7,.500,5.11,27,18,2,0,0,1,123.1,135,77,70,13,52,0,109,4,1,4,556,81,4.06,1.516,9.9,0.9,3.8,8.0,2.10,,peterda01
86,David Peterson*,30,NYM,NL,-1.0,3,6,.333,6.09,16,8,2,0,0,1,68.0,82,51,46,6,30,0,63,3,0,3,319,67,3.84,1.647,10.9,0.8,4.0,8.3,2.10,,peterda01
86,David Peterson*,30,CHC,NL,0.4,4,1,.800,3.90,11,10,0,0,0,0,55.1,53,26,24,7,22,0,46,1,1,1,237,108,4.32,1.355,8.6,1.1,3.6,7.5,2.09,,peterda01
87,Jeffrey Springs*,33,ATH,AL,-0.8,3,13,.188,6.37,25,25,0,0,0,0,123.0,134,94,87,33,50,0,98,3,3,0,548,70,6.28,1.496,9.8,2.4,3.7,7.2,1.96,,sprinje01
88,Luis Castillo,33,2TM,AL,-0.9,4,10,.286,5.31,25,22,2,0,0,0,122.0,138,82,72,23,38,1,106,6,0,2,546,75,4.89,1.443,10.2,1.7,2.8,7.8,2.79,,castilu02
88,Luis Castillo,33,SEA,AL,-0.7,3,9,.250,5.06,20,17,2,0,0,0,99.2,107,65,56,16,32,1,86,5,0,2,443,78,4.57,1.395,9.7,1.4,2.9,7.8,2.69,,castilu02
88,Luis Castillo,33,CHW,AL,-0.2,1,1,.500,6.45,5,5,0,0,0,0,22.1,31,17,16,7,6,0,20,1,0,0,103,67,6.32,1.657,12.5,2.8,2.4,8.1,3.33,,castilu02
89,Martín Pérez*,35,ATL,NL,2.4,8,8,.500,3.05,26,22,2,0,0,0,121.0,97,45,41,12,50,1,91,3,0,1,499,136,4.19,1.215,7.2,0.9,3.7,6.8,1.82,,perezma02
90,Roki Sasaki,24,LAD,NL,0.5,5,5,.500,4.60,23,23,0,0,0,0,119.1,111,63,61,22,48,0,117,5,0,8,511,89,4.86,1.332,8.4,1.7,3.6,8.8,2.44,,sasakro01
91,Michael Lorenzen,34,2TM,2LG,-1.9,3,11,.214,7.13,28,25,1,0,0,0,118.2,173,105,94,20,50,0,84,6,1,3,577,69,5.28,1.879,13.1,1.5,3.8,6.4,1.68,,lorenmi01
91,Michael Lorenzen,34,COL,NL,-1.8,3,11,.214,7.08,26,25,0,0,0,0,115.2,168,102,91,19,49,0,82,6,1,3,562,69,5.24,1.876,13.1,1.5,3.8,6.4,1.67,,lorenmi01
91,Michael Lorenzen,34,TOR,AL,-0.1,0,0,,9.00,2,0,1,0,0,0,3.0,5,3,3,1,1,0,2,0,0,0,15,55,7.09,2.000,15.0,3.0,3.0,6.0,2.00,,lorenmi01
92,Miles Mikolas,37,WSN,NL,-0.9,3,9,.250,5.82,25,11,2,0,0,0,116.0,137,80,75,27,23,0,58,2,0,1,498,74,5.77,1.379,10.6,2.1,1.8,4.5,2.52,,mikolmi01
93,Mitch Keller,30,PIT,NL,0.0,6,8,.429,5.29,22,22,0,0,0,0,115.2,117,73,68,15,42,0,89,8,1,4,503,83,4.54,1.375,9.1,1.2,3.3,6.9,2.12,,kellemi03
94,Bailey Ober,30,MIN,AL,1.6,7,4,.636,4.37,21,21,0,1,1,0,113.1,109,59,55,18,31,0,79,2,0,0,477,97,4.64,1.235,8.7,1.4,2.5,6.3,2.55,,oberba01
95,Ian Seymour*,27,TBR,AL,0.7,9,6,.600,4.21,42,12,7,0,0,2,113.1,97,57,53,20,32,4,138,4,1,2,470,102,3.90,1.138,7.7,1.6,2.5,11.0,4.31,,seymoia01
96,Shane McClanahan*,29,TBR,AL,1.6,10,6,.625,3.19,23,23,0,0,0,0,113.0,87,48,40,9,38,0,103,4,0,3,466,135,3.42,1.106,6.9,0.7,3.0,8.2,2.71,,mcclash01
97,Rhett Lowder,24,CIN,NL,0.7,6,8,.429,5.14,24,21,3,0,0,0,112.0,120,66,64,16,43,1,88,4,1,1,499,82,4.64,1.455,9.6,1.3,3.5,7.1,2.05,,lowderh01
98,Zebby Matthews,26,MIN,AL,1.2,9,8,.529,4.58,19,19,0,0,0,0,112.0,109,62,57,19,32,0,93,4,2,3,467,92,4.60,1.259,8.8,1.5,2.6,7.5,2.91,,matthze01
99,Max Meyer,27,MIA,NL,2.8,9,1,.900,2.68,20,20,0,0,0,0,111.0,85,39,33,11,41,0,121,7,0,5,462,148,3.50,1.135,6.9,0.9,3.3,9.8,2.95,AS,meyerma01
100,Brandon Pfaadt,27,ARI,NL,1.8,7,2,.778,3.49,25,15,2,0,0,0,111.0,99,47,43,13,27,0,73,5,1,2,455,120,4.17,1.135,8.0,1.1,2.2,5.9,2.70,,pfaadbr01
101,Shane Drohan*,27,MIL,NL,1.0,7,5,.583,3.75,27,16,3,0,0,1,110.1,106,51,46,10,37,0,110,5,0,0,466,110,3.42,1.296,8.6,0.8,3.0,9.0,2.97,,drohash01
102,Tyler Phillips,28,MIA,NL,1.6,4,6,.400,3.43,33,16,8,0,0,2,110.1,100,45,42,14,47,0,90,3,1,7,471,115,4.47,1.332,8.2,1.1,3.8,7.3,1.91,,phillty01
103,Slade Cecconi,27,CLE,AL,-0.2,4,7,.364,5.07,23,21,0,0,0,0,110.0,128,68,62,17,37,1,88,3,0,4,488,82,4.59,1.500,10.5,1.4,3.0,7.2,2.38,,ceccosl01
104,Adrian Houser,33,SFG,NL,0.7,4,7,.364,4.02,26,16,5,0,0,0,109.2,109,54,49,15,34,0,75,4,0,2,470,98,4.54,1.304,8.9,1.2,2.8,6.2,2.21,,housead01
105,Casey Mize,29,2TM,2LG,2.1,5,8,.385,3.45,21,21,0,0,0,0,109.2,94,48,42,11,27,0,96,2,0,2,446,123,3.44,1.103,7.7,0.9,2.2,7.9,3.56,,mizeca01
105,Casey Mize,29,DET,AL,2.7,4,6,.400,2.70,16,16,0,0,0,0,86.2,67,27,26,5,19,0,85,1,0,1,341,158,2.57,0.992,7.0,0.5,2.0,8.8,4.47,,mizeca01
105,Casey Mize,29,SDP,NL,-0.6,1,2,.333,6.26,5,5,0,0,0,0,23.0,27,21,16,6,8,0,11,1,0,1,105,65,6.70,1.522,10.6,2.3,3.1,4.3,1.38,,mizeca01
106,Carmen Mlodzinski,27,PIT,NL,0.9,7,6,.538,4.05,30,12,4,0,0,2,109.0,119,57,49,9,36,0,87,3,0,0,480,109,3.64,1.422,9.8,0.7,3.0,7.2,2.42,,mlodzca01
107,Eric Lauer*,31,2TM,2LG,-0.3,8,7,.533,5.23,22,18,1,0,0,0,108.1,107,64,63,26,35,0,72,5,1,1,466,81,5.99,1.311,8.9,2.2,2.9,6.0,2.06,,lauerer01
107,Eric Lauer*,31,TOR,AL,-0.5,1,5,.167,6.69,8,6,1,0,0,0,36.1,38,27,27,11,16,0,26,0,0,1,162,67,6.92,1.486,9.4,2.7,4.0,6.4,1.63,,lauerer01
107,Eric Lauer*,31,LAD,NL,0.3,7,2,.778,4.50,14,12,0,0,0,0,72.0,69,37,36,15,19,0,46,5,1,0,304,92,5.52,1.222,8.6,1.9,2.4,5.8,2.42,,lauerer01
108,Kyle Harrison*,24,MIL,NL,1.8,10,4,.714,3.45,22,22,0,0,0,0,107.0,99,46,41,19,29,0,130,4,0,3,447,119,3.90,1.196,8.3,1.6,2.4,10.9,4.48,,harriky01
109,Gerrit Cole,35,NYY,AL,2.6,8,7,.533,3.29,18,18,0,0,0,0,104.0,93,39,38,13,22,0,110,2,1,0,426,129,3.29,1.106,8.0,1.1,1.9,9.5,5.00,,colege01
110,Connor Prielipp*,25,MIN,AL,-0.3,4,7,.364,5.28,20,19,0,0,0,0,104.0,102,69,61,13,40,0,111,6,2,1,450,80,3.91,1.365,8.8,1.1,3.5,9.6,2.78,,prielco01
111,Janson Junk,30,MIA,NL,0.8,6,8,.429,4.11,21,20,0,0,0,0,103.0,106,52,47,12,28,0,70,3,0,1,435,96,4.15,1.301,9.3,1.0,2.4,6.1,2.50,,junkja01
112,Matthew Boyd*,35,CHC,NL,0.7,8,3,.727,4.05,18,18,0,0,0,0,102.1,95,49,46,15,31,0,79,7,1,1,423,104,4.57,1.231,8.4,1.3,2.7,6.9,2.55,,boydma01
113,Troy Melton,25,DET,AL,3.3,7,4,.636,2.20,17,17,0,0,0,0,102.1,76,31,25,12,29,0,84,4,0,2,407,194,3.94,1.026,6.7,1.1,2.6,7.4,2.90,,meltotr01
114,Ryan Feltner,29,COL,NL,0.5,5,9,.357,5.84,21,20,1,0,0,0,101.2,113,72,66,19,45,0,76,1,0,2,455,84,5.38,1.554,10.0,1.7,4.0,6.7,1.69,,feltnry01
115,Jacob Lopez*,28,ATH,AL,1.1,5,4,.556,4.82,22,19,0,0,0,0,99.0,95,56,53,15,50,0,96,4,0,1,441,93,4.76,1.465,8.6,1.4,4.5,8.7,1.92,,lopezja04
116,Spencer Arrighetti,26,2TM,AL,0.4,7,8,.467,4.82,20,18,0,0,0,0,99.0,78,56,53,15,55,0,97,14,1,2,435,87,5.19,1.343,7.1,1.4,5.0,8.8,1.76,,arrigsp01
116,Spencer Arrighetti,26,HOU,AL,0.7,7,5,.583,4.60,17,17,0,0,0,0,88.0,68,47,45,12,50,0,87,14,1,1,386,90,5.07,1.341,7.0,1.2,5.1,8.9,1.74,,arrigsp01
116,Spencer Arrighetti,26,TOR,AL,-0.3,0,3,.000,6.55,3,1,0,0,0,0,11.0,10,9,8,3,5,0,10,0,0,1,49,70,6.18,1.364,8.2,2.5,4.1,8.2,2.00,,arrigsp01
117,Andrew Painter,23,PHI,NL,0.4,3,8,.273,5.95,20,18,0,0,0,0,98.1,105,65,65,17,37,0,85,5,0,5,432,76,4.89,1.444,9.6,1.6,3.4,7.8,2.30,,paintan01
118,Zac Gallen,30,ARI,NL,-1.6,3,9,.250,6.34,19,19,0,0,0,0,98.0,122,74,69,18,31,1,61,4,0,1,440,66,5.31,1.561,11.2,1.7,2.8,5.6,1.97,,galleza01
119,Aaron Civale,31,2TM,2LG,1.0,6,7,.462,4.50,27,15,5,0,0,1,98.0,116,52,49,17,29,2,80,4,0,3,438,98,4.73,1.480,10.7,1.6,2.7,7.3,2.76,,civalaa01
119,Aaron Civale,31,ATH,AL,0.5,5,7,.417,5.42,16,15,0,0,0,0,74.2,98,46,45,16,23,1,58,2,0,2,341,83,5.33,1.621,11.8,1.9,2.8,7.0,2.52,,civalaa01
119,Aaron Civale,31,CHC,NL,0.5,1,0,1.000,1.54,11,0,5,0,0,1,23.1,18,6,4,1,6,1,22,2,0,1,97,276,2.79,1.029,6.9,0.4,2.3,8.5,3.67,,civalaa01
120,Chad Patrick,27,MIL,NL,1.6,7,4,.636,3.36,48,6,8,0,0,5,96.1,80,36,36,10,38,2,83,2,0,2,396,122,3.96,1.225,7.5,0.9,3.6,7.8,2.18,,patrich01
121,Brandon Sproat,25,MIL,NL,-0.3,3,7,.300,5.27,21,19,0,0,0,0,95.2,88,57,56,17,48,0,100,9,0,9,414,78,5.10,1.422,8.3,1.6,4.5,9.4,2.08,,sproabr01
122,Jack Perkins,26,ATH,AL,-1.1,3,10,.231,6.42,32,12,5,0,0,3,95.1,100,74,68,18,42,2,109,9,0,4,433,70,4.87,1.490,9.4,1.7,4.0,10.3,2.60,,perkija01
123,Emmet Sheehan,26,LAD,NL,-0.2,4,8,.333,5.29,20,20,0,0,0,0,95.1,93,57,56,20,30,1,108,8,2,3,412,78,4.75,1.290,8.8,1.9,2.8,10.2,3.60,,sheehem01
124,Michael Soroka,28,ARI,NL,1.9,8,4,.667,3.40,18,18,0,0,0,0,95.1,87,36,36,6,24,1,91,6,0,1,395,124,2.95,1.164,8.2,0.6,2.3,8.6,3.79,,sorokmi01
125,Brayan Bello,27,BOS,AL,-0.4,5,7,.417,4.85,21,8,4,0,0,1,94.2,103,56,51,11,31,2,70,5,0,2,415,85,4.27,1.415,9.8,1.0,2.9,6.7,2.26,,bellobr01
126,Mike Burrows,26,HOU,AL,-0.9,4,9,.308,5.99,18,17,1,0,0,0,94.2,112,69,63,21,35,0,75,4,0,1,423,69,5.63,1.553,10.6,2.0,3.3,7.1,2.14,,burromi01
127,Christian Scott,27,NYM,NL,1.6,4,4,.500,3.80,20,20,0,0,0,0,94.2,80,41,40,10,44,0,113,9,1,1,412,107,3.76,1.310,7.6,1.0,4.2,10.7,2.57,,scottch01
128,Bryce Miller,27,SEA,AL,1.0,4,8,.333,4.12,17,16,1,0,0,0,94.0,77,47,43,17,25,1,92,1,0,0,376,96,4.32,1.085,7.4,1.6,2.4,8.8,3.68,,millebr04
129,Jake Bennett*,25,BOS,AL,1.8,9,6,.600,3.27,16,16,0,0,0,0,93.2,79,35,34,7,18,2,74,3,0,2,373,126,3.16,1.036,7.6,0.7,1.7,7.1,4.11,,benneja01
130,Trey Yesavage,22,TOR,AL,2.0,5,5,.500,3.65,18,18,0,0,0,0,93.2,61,39,38,10,46,0,91,2,0,4,386,121,4.08,1.142,5.9,1.0,4.4,8.7,1.98,,yesavtr01
131,Gage Jump*,23,ATH,AL,0.9,6,9,.400,5.15,18,18,0,0,0,0,92.2,93,55,53,10,45,2,99,3,0,7,407,87,3.91,1.489,9.0,1.0,4.4,9.6,2.20,,jumpga01
132,Connelly Early*,24,BOS,AL,1.8,7,5,.583,3.44,17,17,0,0,0,0,91.2,81,35,35,15,34,0,93,9,1,4,390,119,4.60,1.255,8.0,1.5,3.3,9.1,2.74,,earlyco01
133,Griffin Jax,31,TBR,AL,0.3,6,9,.400,3.63,29,18,1,0,0,0,91.2,81,49,37,14,30,1,100,2,0,3,379,119,3.94,1.211,8.0,1.4,2.9,9.8,3.33,,jaxgr01
134,Andrew Alvarez*,27,WSN,NL,1.9,2,6,.250,3.47,21,13,2,0,0,1,90.2,78,35,35,5,41,0,86,3,0,5,382,123,3.37,1.313,7.7,0.5,4.1,8.5,2.10,,alvaran01
135,Max Fried*,32,NYY,AL,3.1,4,4,.500,2.80,16,16,0,0,0,0,90.0,62,28,28,3,28,0,83,2,1,2,347,151,2.68,1.000,6.2,0.3,2.8,8.3,2.96,,friedma01
136,Cal Quantrill,31,TEX,AL,1.3,6,5,.545,3.01,28,11,8,0,0,0,89.2,77,36,30,11,22,1,68,5,0,2,368,129,4.07,1.104,7.7,1.1,2.2,6.8,3.09,,quantca01
137,Tanner Gordon,28,COL,NL,0.9,1,4,.200,5.18,20,8,8,0,0,0,88.2,108,53,51,17,16,2,72,2,2,1,383,95,4.57,1.398,11.0,1.7,1.6,7.3,4.50,,gordota01
138,Robert Gasser*,27,MIL,NL,0.4,4,5,.444,4.57,17,16,0,0,0,0,86.2,85,46,44,13,27,0,82,8,1,0,377,90,4.36,1.292,8.8,1.4,2.8,8.5,3.04,,gassero01
139,Jack Flaherty,30,DET,AL,-0.1,3,8,.273,4.59,19,19,0,0,0,0,86.1,80,52,44,11,42,1,102,7,1,5,389,93,4.09,1.413,8.3,1.1,4.4,10.6,2.43,,flaheja01
140,Drew Anderson,32,DET,AL,0.9,4,5,.444,3.87,45,7,9,0,0,2,86.0,79,40,37,13,35,1,96,4,1,4,369,110,4.19,1.326,8.3,1.4,3.7,10.0,2.74,,anderdr02
141,Jake Irvin,29,WSN,NL,-0.4,2,8,.200,5.57,18,18,0,0,0,0,85.2,80,57,53,15,40,0,87,9,0,2,380,77,5.05,1.401,8.4,1.6,4.2,9.1,2.18,,irvinja01
142,Shohei Ohtani,31,LAD,NL,3.0,8,2,.800,1.79,14,14,0,0,0,0,85.2,55,21,17,4,26,0,95,6,1,0,340,231,2.60,0.946,5.8,0.4,2.7,10.0,3.65,AS,ohtansh01
143,Nick Lodolo*,28,CIN,NL,0.8,3,3,.500,5.08,17,17,0,0,0,0,85.0,94,48,48,16,35,0,69,12,1,2,383,83,5.58,1.518,10.0,1.7,3.7,7.3,1.97,,lodolni01
144,AJ Blubaugh,25,HOU,AL,1.5,4,2,.667,3.09,52,0,8,0,0,1,84.1,63,31,29,10,34,0,86,2,0,7,346,134,3.88,1.150,6.7,1.1,3.6,9.2,2.53,,blubaaj01
145,Spencer Miles,25,TOR,AL,2.0,5,2,.714,2.88,43,6,8,0,0,1,84.1,71,29,27,5,21,1,77,1,0,1,340,154,2.82,1.091,7.6,0.5,2.2,8.2,3.67,,milessp01
146,Jameson Taillon,34,2TM,2LG,-0.8,2,6,.250,5.68,17,17,0,0,0,0,84.0,83,54,53,26,32,1,75,2,0,2,362,75,6.55,1.369,8.9,2.8,3.4,8.0,2.34,,taillja01
146,Jameson Taillon,34,CHC,NL,-1.0,2,6,.250,5.92,15,15,0,0,0,0,76.0,76,51,50,25,27,1,68,2,0,1,326,71,6.72,1.355,9.0,3.0,3.2,8.1,2.52,,taillja01
146,Jameson Taillon,34,TOR,AL,0.2,0,0,,3.38,2,2,0,0,0,0,8.0,7,3,3,1,5,0,7,0,0,1,36,137,4.84,1.500,7.9,1.1,5.6,7.9,1.40,,taillja01
147,Javier Assad,28,CHC,NL,1.2,6,1,.857,3.46,22,10,6,0,0,2,83.1,71,33,32,15,21,1,55,3,0,2,332,122,4.98,1.104,7.7,1.6,2.3,5.9,2.62,,assadja01
148,Ryne Nelson,28,ARI,NL,-0.5,3,5,.375,4.97,15,15,0,0,0,0,83.1,81,53,46,18,22,1,62,5,0,2,355,85,5.39,1.236,8.7,1.9,2.4,6.7,2.82,,nelsory01
149,Clay Holmes,33,2TM,NL,3.2,6,6,.500,2.09,14,14,0,0,0,0,81.2,60,19,19,4,27,0,63,1,1,2,326,198,3.22,1.065,6.6,0.4,3.0,6.9,2.33,,holmecl01
149,Clay Holmes,33,NYM,NL,1.8,4,4,.500,2.39,9,9,0,0,0,0,52.2,40,14,14,3,18,0,45,1,1,2,215,171,3.21,1.101,6.8,0.5,3.1,7.7,2.50,,holmecl01
149,Clay Holmes,33,CHC,NL,1.3,2,2,.500,1.55,5,5,0,0,0,0,29.0,20,5,5,1,9,0,18,0,0,0,111,273,3.23,1.000,6.2,0.3,2.8,5.6,2.00,,holmecl01
150,Hunter Brown,27,HOU,AL,1.7,4,3,.571,3.33,15,15,0,0,0,0,81.0,61,32,30,10,44,0,86,4,0,2,340,124,4.35,1.296,6.8,1.1,4.9,9.6,1.95,,brownhu01
151,Patrick Corbin*,36,TOR,AL,-0.2,3,4,.429,5.51,19,15,1,0,0,1,80.0,98,50,49,12,25,0,63,6,0,1,360,81,4.63,1.538,11.0,1.4,2.8,7.1,2.52,,corbipa01
152,Jack Leiter,26,TEX,AL,-0.3,3,7,.300,5.29,15,15,0,0,0,0,80.0,80,50,47,14,35,0,83,4,0,2,355,74,4.76,1.438,9.0,1.6,3.9,9.3,2.37,,leiteja01
153,Zach Agnos,25,COL,NL,0.2,0,2,.000,5.42,36,3,15,0,0,2,79.2,86,52,48,9,28,2,53,5,0,2,350,91,4.47,1.431,9.7,1.0,3.2,6.0,1.89,,agnosza01
154,Chris Bassitt,37,BAL,AL,0.3,6,4,.600,4.97,16,14,0,0,0,0,79.2,97,45,44,9,29,0,55,9,0,2,362,83,4.61,1.582,11.0,1.0,3.3,6.2,1.90,,bassich01
155,Brent Suter*,36,2TM,2LG,0.3,2,2,.500,3.73,48,3,17,0,0,0,79.2,80,40,33,8,23,1,68,1,0,1,334,111,3.60,1.293,9.0,0.9,2.6,7.7,2.96,,suterbr01
155,Brent Suter*,36,LAA,AL,0.0,1,2,.333,4.12,41,3,14,0,0,0,63.1,63,35,29,7,17,1,55,1,0,1,265,100,3.65,1.263,9.0,1.0,2.4,7.8,3.24,,suterbr01
155,Brent Suter*,36,ATL,NL,0.3,1,0,1.000,2.20,7,0,3,0,0,0,16.1,17,5,4,1,6,0,13,0,0,0,69,192,3.40,1.408,9.4,0.6,3.3,7.2,2.17,,suterbr01
156,Paul Blackburn,32,NYY,AL,2.9,7,2,.778,1.62,54,2,15,0,0,1,78.0,52,16,14,6,28,1,64,1,0,0,303,262,3.57,1.026,6.0,0.7,3.2,7.4,2.29,,blackpa01
157,Sean Newcomb*,33,CHW,AL,2.9,2,3,.400,2.19,50,4,8,0,0,4,78.0,56,23,19,2,27,3,71,6,0,0,313,195,2.88,1.064,6.5,0.2,3.1,8.2,2.63,,newcose01
158,Grayson Rodriguez,26,LAA,AL,-0.9,4,6,.400,6.03,16,16,0,0,0,0,77.2,85,57,52,12,33,2,72,6,0,2,348,68,4.75,1.519,9.8,1.4,3.8,8.3,2.18,,rodrigr01
159,Griffin Canning,30,SDP,NL,-0.8,4,9,.308,6.08,24,11,5,0,0,0,77.0,83,53,52,13,35,0,77,5,0,2,343,66,4.85,1.532,9.7,1.5,4.1,9.0,2.20,,cannigr01
160,Logan Henderson,24,MIL,NL,2.7,9,2,.818,2.48,14,14,0,0,0,0,76.1,49,21,21,11,14,0,86,1,0,1,286,166,3.30,0.825,5.8,1.3,1.7,10.1,6.14,,hendelo01
161,Aaron Ashby*,28,MIL,NL,1.0,13,2,.867,3.20,64,1,8,0,0,2,76.0,66,32,27,6,37,1,105,2,1,9,330,129,2.90,1.355,7.8,0.7,4.4,12.4,2.84,,ashbyaa01
162,Edward Cabrera,28,CHC,NL,-1.2,5,5,.500,5.68,15,15,0,0,0,0,76.0,78,53,48,15,32,0,67,1,0,1,329,74,5.20,1.447,9.2,1.8,3.8,7.9,2.09,,cabreed02
163,Lake Bachar,31,2TM,NL,0.9,1,3,.250,3.70,46,7,11,0,0,2,75.1,52,33,31,13,30,0,77,4,0,3,308,110,4.65,1.088,6.2,1.6,3.6,9.2,2.57,,bachala01
163,Lake Bachar,31,MIA,NL,0.5,1,2,.333,3.84,38,4,11,0,0,2,58.2,43,27,25,9,21,0,61,4,0,2,242,103,4.29,1.091,6.6,1.4,3.2,9.4,2.90,,bachala01
163,Lake Bachar,31,PIT,NL,0.4,0,1,.000,3.24,8,3,0,0,0,0,16.2,9,6,6,4,9,0,16,0,0,1,66,138,5.91,1.080,4.9,2.2,4.9,8.6,1.78,,bachala01
164,Adrián Morejón*,27,SDP,NL,1.8,9,3,.750,2.77,64,0,8,0,0,2,74.2,58,27,23,4,23,7,90,5,0,2,307,146,2.50,1.085,7.0,0.5,2.8,10.8,3.91,,morejad01
165,Yohan Ramírez,31,PIT,NL,1.8,6,4,.600,3.31,56,1,13,0,0,2,73.1,54,32,27,4,43,9,87,11,0,7,321,133,3.64,1.323,6.6,0.5,5.3,10.7,2.02,,ramiryo01
166,Kai-Wei Teng,27,HOU,AL,0.1,5,7,.417,4.66,29,10,2,0,0,0,73.1,69,42,38,10,31,0,72,13,0,5,326,89,4.70,1.364,8.5,1.2,3.8,8.8,2.32,,tengka01
167,Jared Jones,24,PIT,NL,0.7,2,6,.250,4.83,16,16,0,0,0,0,72.2,66,40,39,12,27,0,83,2,2,3,312,91,4.15,1.280,8.2,1.5,3.3,10.3,3.07,,jonesja09
168,Ryan Johnson,23,LAA,AL,-0.5,3,7,.300,5.47,17,14,1,0,0,0,72.1,67,49,44,16,36,0,52,4,0,3,316,75,6.19,1.424,8.3,2.0,4.5,6.5,1.44,,johnsry01
169,Grant Taylor,24,CHW,AL,2.8,7,2,.778,2.00,53,4,17,0,0,8,72.0,49,22,16,4,24,0,94,1,0,4,285,214,2.25,1.014,6.1,0.5,3.0,11.8,3.92,,taylogr02
170,Reynaldo López,32,ATL,NL,0.7,4,3,.571,3.64,24,11,5,0,0,0,71.2,67,33,29,10,29,0,66,1,0,4,306,114,4.32,1.340,8.4,1.3,3.6,8.3,2.28,,lopezre01
171,Tatsuya Imai,28,HOU,AL,0.1,6,4,.600,5.35,19,15,2,0,0,0,70.2,57,42,42,9,47,0,88,4,3,1,315,78,4.42,1.472,7.3,1.1,6.0,11.2,1.87,,imaita01
172,Trevor McDonald,25,SFG,NL,-0.3,3,7,.300,5.12,14,14,0,0,0,0,70.1,69,43,40,7,23,0,57,12,1,5,310,77,4.26,1.308,8.8,0.9,2.9,7.3,2.48,,mcdontr01
173,Luinder Avila,24,KCR,AL,-0.2,5,4,.556,5.53,21,12,0,0,0,0,70.0,71,43,43,7,42,0,61,2,1,1,309,75,4.54,1.614,9.1,0.9,5.4,7.8,1.45,,avilalu02
174,Brent Headrick*,28,NYY,AL,2.5,7,3,.700,1.93,71,0,7,0,0,0,70.0,62,16,15,4,21,1,87,0,0,3,289,219,2.25,1.186,8.0,0.5,2.7,11.2,4.14,,headrbr01
175,Brad Lord,26,WSN,NL,1.0,5,2,.714,3.75,33,4,5,0,0,1,69.2,55,30,29,8,28,3,64,7,0,2,297,115,4.26,1.191,7.1,1.0,3.6,8.3,2.29,,lordbr02
176,Steven Matz*,35,TBR,AL,-0.8,5,4,.556,5.90,27,11,4,0,0,1,68.2,66,46,45,14,21,0,51,2,0,3,293,73,5.26,1.267,8.7,1.8,2.8,6.7,2.43,,matzst01
177,Louis Varland,28,TOR,AL,3.2,5,4,.556,1.18,62,0,44,0,0,31,68.2,49,18,9,2,18,1,84,0,0,3,267,377,1.81,0.976,6.4,0.3,2.4,11.0,4.67,AS,varlalo01
178,Gordon Graceffo,26,STL,NL,1.2,7,1,.875,2.90,54,1,15,0,0,1,68.1,42,24,22,5,30,2,45,2,1,2,269,135,4.13,1.054,5.5,0.7,4.0,5.9,1.50,,gracego01
179,Ben Brown,26,CHC,NL,2.2,4,2,.667,1.85,20,8,2,0,0,1,68.0,45,16,14,2,19,0,65,2,0,6,265,227,2.49,0.941,6.0,0.3,2.5,8.6,3.42,,brownbe02
180,Braydon Fisher,25,TOR,AL,1.0,3,4,.429,3.31,66,8,9,0,0,1,68.0,47,32,25,7,36,5,65,3,0,3,276,134,4.24,1.221,6.2,0.9,4.8,8.6,1.81,,fishebr02
181,Ryan Gusto,27,MIA,NL,0.8,1,3,.250,3.86,19,14,2,0,0,0,67.2,70,32,29,8,20,0,57,4,0,0,298,103,4.01,1.330,9.3,1.1,2.7,7.6,2.85,,gustory01
182,Steven Okert*,34,HOU,AL,2.3,6,2,.750,2.13,68,1,1,0,0,0,67.2,45,17,16,7,14,0,68,4,0,1,261,195,3.23,0.872,6.0,0.9,1.9,9.0,4.86,,okertst01
183,Tyler Wells,31,2TM,AL,1.9,3,2,.600,2.55,53,0,17,0,0,5,67.0,46,23,19,8,17,1,66,2,0,2,260,165,3.53,0.940,6.2,1.1,2.3,8.9,3.88,,wellsty01
183,Tyler Wells,31,BAL,AL,1.5,2,2,.500,2.67,43,0,15,0,0,4,54.0,39,19,16,6,13,1,53,2,0,1,211,156,3.41,0.963,6.5,1.0,2.2,8.8,4.08,,wellsty01
183,Tyler Wells,31,TBR,AL,0.4,1,0,1.000,2.08,10,0,2,0,0,1,13.0,7,4,3,2,4,0,13,0,0,1,49,212,4.02,0.846,4.8,1.4,2.8,9.0,3.25,,wellsty01
184,Justin Bruihl*,29,STL,NL,0.3,0,1,.000,3.51,61,0,9,0,0,0,66.2,66,32,26,3,26,2,45,9,0,3,296,112,3.90,1.380,8.9,0.4,3.5,6.1,1.73,,bruihju01
185,Brock Burke*,29,CIN,NL,0.8,6,5,.545,2.58,69,0,11,0,0,2,66.1,49,32,19,5,39,6,69,4,0,2,286,163,3.94,1.327,6.6,0.7,5.3,9.4,1.77,,burkebr01
186,Trevor Richards,33,2TM,2LG,1.1,0,1,.000,3.53,43,0,22,0,0,1,66.1,55,28,26,10,22,4,60,0,0,11,275,122,4.24,1.161,7.5,1.4,3.0,8.1,2.73,,richatr01
186,Trevor Richards,33,PHI,NL,0.2,0,0,,2.08,2,0,1,0,0,0,4.1,4,1,1,0,3,0,5,0,0,0,19,235,2.86,1.615,8.3,0.0,6.2,10.4,1.67,,richatr01
186,Trevor Richards,33,CHW,AL,0.9,0,1,.000,3.63,41,0,21,0,0,1,62.0,51,27,25,10,19,4,55,0,0,11,256,118,4.33,1.129,7.4,1.5,2.8,8.0,2.89,,richatr01
187,Wandy Peralta*,34,SDP,NL,0.8,2,2,.500,3.41,57,5,17,0,0,0,66.0,68,25,25,6,22,1,42,2,0,1,275,119,4.09,1.364,9.3,0.8,3.0,5.7,1.91,,peralwa01
188,Simeon Woods Richardson,25,2TM,AL,-1.2,2,7,.222,6.68,20,10,4,0,0,0,66.0,79,54,49,11,37,0,40,2,1,2,303,65,5.82,1.758,10.8,1.5,5.0,5.5,1.08,,woodssi01
188,Simeon Woods Richardson,25,MIN,AL,-1.3,0,7,.000,7.74,12,10,1,0,0,0,47.2,65,46,41,9,25,0,26,2,0,2,227,55,6.16,1.888,12.3,1.7,4.7,4.9,1.04,,woodssi01
188,Simeon Woods Richardson,25,TOR,AL,0.2,2,0,1.000,3.93,8,0,3,0,0,0,18.1,14,8,8,2,12,0,14,0,1,0,76,115,4.95,1.418,6.9,1.0,5.9,6.9,1.17,,woodssi01
189,Noah Schultz*,22,CHW,AL,-0.4,3,9,.250,6.06,15,14,0,0,0,0,65.1,62,45,44,9,31,0,59,8,1,2,291,71,4.87,1.423,8.5,1.2,4.3,8.1,1.90,,schulno01
190,Enyel De Los Santos,30,HOU,AL,0.1,3,3,.500,4.45,60,0,17,0,0,5,64.2,60,36,32,8,17,1,59,1,0,1,269,93,3.71,1.191,8.4,1.1,2.4,8.2,3.47,,delosen01
191,Kevin Kelly,28,TBR,AL,2.4,6,3,.667,1.95,60,0,13,0,0,4,64.2,43,16,14,5,11,3,52,3,0,1,240,222,3.14,0.835,6.0,0.7,1.5,7.2,4.73,,kellyke02
192,Andrew Morris,24,MIN,AL,0.3,4,7,.364,3.90,54,3,8,0,0,4,64.2,65,34,28,4,22,3,59,2,1,7,280,109,3.19,1.345,9.0,0.6,3.1,8.2,2.68,,morrian01
193,Jack Kochanowicz,25,LAA,AL,-0.8,2,5,.286,6.19,13,13,0,0,0,0,64.0,65,47,44,7,36,1,47,5,0,6,296,66,4.97,1.578,9.1,1.0,5.1,6.6,1.31,,kochaja01
194,Antonio Senzatela,31,2TM,NL,1.1,10,4,.714,3.80,46,0,13,0,0,3,64.0,63,31,27,5,22,2,54,2,0,0,270,126,3.55,1.328,8.9,0.7,3.1,7.6,2.45,,senzaan01
194,Antonio Senzatela,31,COL,NL,1.2,9,2,.818,3.61,34,0,11,0,0,3,52.1,51,24,21,4,17,2,46,1,0,0,219,136,3.36,1.299,8.8,0.7,2.9,7.9,2.71,,senzaan01
194,Antonio Senzatela,31,MIL,NL,-0.1,1,2,.333,4.63,12,0,2,0,0,0,11.2,12,7,6,1,5,0,8,1,0,0,51,91,4.38,1.457,9.3,0.8,3.9,6.2,1.60,,senzaan01
195,Ryan Watson,28,2TM,AL,0.0,1,1,.500,4.38,44,0,26,0,0,2,63.2,62,32,31,8,22,2,54,3,0,3,276,94,4.21,1.319,8.8,1.1,3.1,7.6,2.45,,watsory01
195,Ryan Watson,28,BOS,AL,0.0,1,0,1.000,4.53,35,0,23,0,0,1,55.2,54,28,28,8,19,0,43,3,0,1,240,91,4.60,1.311,8.7,1.3,3.1,7.0,2.26,,watsory01
195,Ryan Watson,28,LAA,AL,0.0,0,1,.000,3.38,9,0,3,0,0,1,8.0,8,4,3,0,3,2,11,0,0,2,36,127,1.47,1.375,9.0,0.0,3.4,12.4,3.67,,watsory01
196,Tyler Holton*,30,DET,AL,1.1,1,5,.167,3.00,59,3,10,0,0,2,63.0,65,26,21,8,16,0,50,5,0,3,266,143,4.16,1.286,9.3,1.1,2.3,7.1,3.13,,holtoty01
197,Luis Severino,32,ATH,AL,0.9,2,6,.250,4.16,12,12,0,0,0,0,62.2,61,33,29,9,31,0,65,2,1,0,271,108,4.47,1.468,8.8,1.3,4.5,9.3,2.10,,severlu01
198,Dean Kremer,30,2TM,AL,-0.3,2,5,.286,5.60,12,12,0,0,0,0,62.2,57,42,39,15,22,0,61,0,0,2,260,75,5.31,1.261,8.2,2.2,3.2,8.8,2.77,,kremede01
198,Dean Kremer,30,BAL,AL,-0.5,1,4,.200,6.50,7,7,0,0,0,0,36.0,38,28,26,12,11,0,38,0,0,1,153,64,6.23,1.361,9.5,3.0,2.8,9.5,3.45,,kremede01
198,Dean Kremer,30,MIN,AL,0.3,1,1,.500,4.39,5,5,0,0,0,0,26.2,19,14,13,3,11,0,23,0,0,1,107,97,4.07,1.125,6.4,1.0,3.7,7.8,2.09,,kremede01
199,Huascar Brazobán,36,2TM,2LG,1.3,5,2,.714,3.16,56,6,3,0,0,0,62.2,42,23,22,5,29,1,54,1,0,1,252,131,3.84,1.133,6.0,0.7,4.2,7.8,1.86,,brazohu01
199,Huascar Brazobán,36,NYM,NL,1.5,5,2,.714,2.56,46,6,2,0,0,0,52.2,30,16,15,3,23,1,49,1,0,1,207,160,3.34,1.006,5.1,0.5,3.9,8.4,2.13,,brazohu01
199,Huascar Brazobán,36,CHW,AL,-0.2,0,0,,6.30,10,0,1,0,0,0,10.0,12,7,7,2,6,0,5,0,0,0,45,70,6.49,1.800,10.8,1.8,5.4,4.5,0.83,,brazohu01
200,Taylor Clarke,33,ARI,NL,1.3,2,3,.400,2.60,62,0,9,0,0,0,62.1,44,21,18,6,11,1,37,3,0,1,238,162,3.83,0.882,6.4,0.9,1.6,5.3,3.36,,clarkta01
201,Luis Medina,27,ATH,AL,1.0,5,3,.625,3.61,49,1,13,0,0,0,62.1,59,30,25,7,32,3,77,3,0,3,274,124,3.77,1.460,8.5,1.0,4.6,11.1,2.41,,medinlu02
202,Bradgley Rodriguez,22,SDP,NL,1.2,3,3,.500,2.02,58,4,8,0,0,2,62.1,50,21,14,3,18,1,67,0,1,0,257,200,2.44,1.091,7.2,0.4,2.6,9.7,3.72,,rodribr01
203,Daniel Lynch IV*,29,KCR,AL,1.0,4,4,.500,3.06,51,5,2,0,0,1,61.2,46,25,21,5,19,0,46,2,0,2,250,135,3.68,1.054,6.7,0.7,2.8,6.7,2.42,,lynchda02
204,Tyler Rogers,35,TOR,AL,1.4,2,2,.500,1.90,64,0,11,0,0,4,61.2,53,21,13,1,21,5,35,1,0,0,258,234,3.24,1.200,7.7,0.1,3.1,5.1,1.67,,rogerty01
205,Ryan Zeferjahn,28,2TM,2LG,0.3,4,4,.500,4.23,56,0,19,0,0,4,61.2,43,32,29,7,36,4,85,9,0,2,271,98,4.00,1.281,6.3,1.0,5.3,12.4,2.36,,zeferry01
205,Ryan Zeferjahn,28,LAA,AL,0.7,4,3,.571,3.66,45,0,17,0,0,4,51.2,30,23,21,5,32,3,75,8,0,1,224,113,3.77,1.200,5.2,0.9,5.6,13.1,2.34,,zeferry01
205,Ryan Zeferjahn,28,CHC,NL,-0.3,0,1,.000,7.20,11,0,2,0,0,0,10.0,13,9,8,2,4,1,10,1,0,1,47,60,5.19,1.700,11.7,1.8,3.6,9.0,2.50,,zeferry01
206,Zac Thornton*,24,NYM,NL,1.7,3,4,.429,2.93,11,11,0,0,0,0,61.1,57,21,20,7,14,0,45,2,0,1,245,139,3.89,1.158,8.4,1.0,2.1,6.6,3.21,,thornza01
207,José Suarez*,28,3TM,2LG,-0.5,1,4,.200,5.87,45,2,15,0,0,1,61.1,72,43,40,6,27,1,61,3,3,3,277,76,3.84,1.614,10.6,0.9,4.0,9.0,2.26,,suarejo01
207,José Suarez*,28,2TM,AL,-0.2,1,3,.250,5.60,37,1,10,0,0,0,45.0,50,31,28,6,15,1,40,3,1,1,198,80,4.25,1.444,10.0,1.2,3.0,8.0,2.67,,suarejo01
207,José Suarez*,28,ATL,NL,-0.3,0,1,.000,6.61,8,1,5,0,0,1,16.1,22,12,12,0,12,0,21,0,2,2,79,64,2.73,2.082,12.1,0.0,6.6,11.6,1.75,,suarejo01
207,José Suarez*,28,SEA,AL,0.0,0,0,,4.50,1,0,1,0,0,0,2.0,2,1,1,0,2,0,3,1,0,0,11,104,4.59,2.000,9.0,0.0,9.0,13.5,1.50,,suarejo01
207,José Suarez*,28,ATH,AL,-0.2,1,3,.250,5.65,36,1,9,0,0,0,43.0,48,30,27,6,13,1,37,2,1,1,187,80,4.23,1.419,10.0,1.3,2.7,7.7,2.85,,suarejo01
208,Eduard Bazardo,30,SEA,AL,0.7,3,3,.500,3.25,65,0,2,0,0,0,61.0,63,25,22,9,20,2,61,1,0,1,262,122,4.04,1.361,9.3,1.3,3.0,9.0,3.05,,bazared01
209,Dylan Lee*,31,ATL,NL,1.5,5,0,1.000,2.66,65,0,2,0,0,0,61.0,40,20,18,3,15,1,74,0,0,0,236,157,2.04,0.902,5.9,0.4,2.2,10.9,4.93,,leedy01
210,Cade Smith,27,CLE,AL,1.7,3,1,.750,2.36,58,0,50,0,0,35,61.0,45,20,16,5,21,1,86,3,0,6,251,176,2.52,1.082,6.6,0.7,3.1,12.7,4.10,AS,smithca06
211,Jacob Latz*,30,TEX,AL,2.8,3,1,.750,1.63,49,1,38,0,0,28,60.2,27,12,11,3,18,3,68,0,0,3,224,239,2.38,0.742,4.0,0.4,2.7,10.1,3.78,AS,latzja01
212,JT Brubaker,32,SFG,NL,0.4,0,0,,3.58,41,1,15,0,0,2,60.1,49,27,24,5,26,0,39,2,0,6,250,111,4.27,1.243,7.3,0.7,3.9,5.8,1.50,,brubajt01
213,Didier Fuentes,21,ATL,NL,2.0,5,1,.833,2.39,49,1,8,0,0,3,60.1,49,16,16,4,19,2,77,2,0,0,247,175,2.45,1.127,7.3,0.6,2.8,11.5,4.05,,fuentdi01
214,Casey Legumina,29,2TM,AL,0.4,2,2,.500,3.73,47,6,7,0,0,0,60.1,61,25,25,4,14,3,46,8,0,0,255,115,3.52,1.243,9.1,0.6,2.1,6.9,3.29,,legumca01
214,Casey Legumina,29,SEA,AL,0.0,0,1,.000,4.63,8,0,3,0,0,0,11.2,15,6,6,0,3,0,9,3,0,0,53,88,3.09,1.543,11.6,0.0,2.3,6.9,3.00,,legumca01
214,Casey Legumina,29,TBR,AL,0.5,2,1,.667,3.51,39,6,4,0,0,0,48.2,46,19,19,4,11,3,37,5,0,0,202,123,3.63,1.171,8.5,0.7,2.0,6.8,3.36,,legumca01
215,Gregory Soto*,31,PIT,NL,1.4,6,4,.600,3.17,60,0,25,0,0,14,59.2,41,25,21,5,24,2,69,4,1,7,247,140,3.28,1.089,6.2,0.8,3.6,10.4,2.88,,sotogr01
216,Jacob Webb,32,CHC,NL,0.9,6,4,.600,2.87,60,0,25,0,0,9,59.2,52,22,19,8,21,0,65,0,0,0,250,147,3.71,1.223,7.8,1.2,3.2,9.8,3.10,,webbja01
217,Tyler Alexander*,31,TEX,AL,0.6,5,2,.714,3.34,62,4,15,0,0,4,59.1,60,26,22,2,18,0,52,4,0,1,255,117,2.89,1.315,9.1,0.3,2.7,7.9,2.89,,alexaty01
218,David Bednar,31,NYY,AL,1.4,6,3,.667,2.73,55,0,50,0,0,31,59.1,43,22,18,3,18,2,65,2,0,2,241,155,2.57,1.028,6.5,0.5,2.7,9.9,3.61,,bednada01
219,Tim Mayza*,34,PHI,NL,1.4,3,3,.500,3.34,52,4,11,0,0,0,59.1,49,24,22,6,15,2,59,1,1,2,237,136,3.23,1.079,7.4,0.9,2.3,8.9,3.93,,mayzati01
220,Carlos Rodón*,33,NYY,AL,1.0,4,3,.571,3.20,12,12,0,0,0,0,59.0,39,25,21,5,31,0,63,2,0,3,247,132,3.74,1.186,5.9,0.8,4.7,9.6,2.03,,rodonca01
221,George Soriano,27,STL,NL,0.2,6,3,.667,4.12,61,0,7,0,0,2,59.0,48,28,27,9,27,2,58,2,0,1,252,95,4.58,1.271,7.3,1.4,4.1,8.8,2.15,,soriage01
222,Calvin Faucher,30,MIA,NL,0.1,5,5,.500,3.84,59,0,12,0,0,2,58.2,46,31,25,1,32,1,64,3,0,5,252,103,2.92,1.330,7.1,0.2,4.9,9.8,2.00,,fauchca01
223,Rico Garcia,32,BAL,AL,1.2,5,1,.833,3.22,65,0,20,0,0,6,58.2,36,24,21,9,20,2,60,2,0,0,231,129,4.17,0.955,5.5,1.4,3.1,9.2,3.00,,garciri01
224,Matt Festa,33,CLE,AL,0.4,2,3,.400,3.55,59,0,18,0,0,1,58.1,59,27,23,6,16,0,62,6,1,0,252,117,3.44,1.286,9.1,0.9,2.5,9.6,3.88,,festama01
225,Hogan Harris*,29,ATH,AL,1.4,3,2,.600,3.55,62,0,21,0,0,13,58.1,52,25,23,6,37,2,77,5,0,2,266,126,3.95,1.526,8.0,0.9,5.7,11.9,2.08,,harriho03
226,Bryan Hudson*,29,CHW,AL,1.6,4,4,.500,3.09,60,7,13,0,0,7,58.1,54,22,20,4,17,2,55,4,2,0,244,139,3.18,1.217,8.3,0.6,2.6,8.5,3.24,,hudsobr01
227,Jovani Morán*,29,BOS,AL,0.5,2,3,.400,3.55,43,3,10,0,0,0,58.1,38,24,23,9,29,1,63,2,1,2,243,116,4.53,1.149,5.9,1.4,4.5,9.7,2.17,,moranjo01
228,JR Ritchie,23,ATL,NL,0.1,1,2,.333,4.50,14,8,2,0,0,1,58.0,47,32,29,9,36,1,53,5,0,1,256,93,5.40,1.431,7.3,1.4,5.6,8.2,1.47,,ritchjr01
229,Yoendrys Gómez,26,2TM,AL,1.0,2,2,.500,3.72,55,0,39,0,0,20,58.0,49,27,24,7,32,3,54,3,2,2,255,115,4.61,1.397,7.6,1.1,5.0,8.4,1.69,,gomezyo01
229,Yoendrys Gómez,26,TBR,AL,-0.3,0,0,,6.23,9,0,7,0,0,1,17.1,19,13,12,5,10,2,13,1,1,1,82,70,7.25,1.673,9.9,2.6,5.2,6.8,1.30,,gomezyo01
229,Yoendrys Gómez,26,MIN,AL,1.3,2,2,.500,2.66,46,0,32,0,0,19,40.2,30,14,12,2,22,1,41,2,1,1,173,160,3.49,1.279,6.6,0.4,4.9,9.1,1.86,,gomezyo01
230,Randy Dobnak,31,KCR,AL,1.8,2,3,.400,2.65,11,9,0,0,0,0,57.2,57,17,17,5,23,0,40,0,0,0,247,157,4.03,1.387,8.9,0.8,3.6,6.2,1.74,,dobnara01
231,Jose A. Ferrer*,26,SEA,AL,0.6,4,3,.571,3.75,63,0,7,0,0,3,57.2,64,25,24,6,16,2,45,6,0,5,255,105,4.03,1.387,10.0,0.9,2.5,7.0,2.81,,ferrejo01
232,Juan Mejia,25,COL,NL,0.0,3,6,.333,5.46,54,1,17,0,0,4,57.2,62,38,35,5,34,3,53,3,0,2,266,90,4.31,1.665,9.7,0.8,5.3,8.3,1.56,,mejiaju01
233,Ron Marinaccio,30,3TM,NL,-0.5,1,0,1.000,6.09,41,0,16,0,0,0,57.2,61,39,39,11,27,0,48,7,1,6,260,68,5.68,1.526,9.5,1.7,4.2,7.5,1.78,,marinro01
233,Ron Marinaccio,30,SDP,NL,0.0,1,0,1.000,4.79,33,0,12,0,0,0,47.0,50,25,25,9,18,0,38,3,1,3,203,85,5.31,1.447,9.6,1.7,3.4,7.3,2.11,,marinro01
233,Ron Marinaccio,30,PIT,NL,-0.1,0,0,,6.75,4,0,0,0,0,0,5.1,5,4,4,1,2,0,4,2,0,2,25,69,6.28,1.313,8.4,1.7,3.4,6.8,2.00,,marinro01
233,Ron Marinaccio,30,CIN,NL,-0.4,0,0,,16.88,4,0,4,0,0,0,5.1,6,10,10,1,7,0,6,2,0,1,32,27,8.34,2.438,10.1,1.7,11.8,10.1,0.86,,marinro01
234,Kyle Hart*,33,SDP,NL,0.4,0,3,.000,3.77,39,4,6,0,0,0,57.1,44,26,24,4,19,0,55,3,1,2,234,107,3.23,1.099,6.9,0.6,3.0,8.6,2.89,,hartky01
235,Mason Miller,27,SDP,NL,2.9,4,2,.667,1.26,55,0,47,0,0,32,57.1,28,10,8,2,20,1,104,2,0,5,219,322,1.07,0.837,4.4,0.3,3.1,16.3,5.20,AS,millema03
236,Kevin Ginkel,32,ARI,NL,0.1,5,4,.556,4.26,62,0,12,0,0,2,57.0,50,30,27,7,16,1,56,0,1,3,233,99,3.57,1.158,7.9,1.1,2.5,8.8,3.50,,ginkeke01
237,Max Scherzer,41,TOR,AL,-0.3,2,7,.222,6.16,13,13,0,0,0,0,57.0,53,39,39,12,26,0,46,1,0,3,248,72,5.64,1.386,8.4,1.9,4.1,7.3,1.77,,scherma01
238,Chris Paddack,30,3TM,2LG,-0.8,0,7,.000,6.79,14,9,2,0,0,0,57.0,76,44,43,9,19,0,40,2,0,4,267,61,4.85,1.667,12.0,1.4,3.0,6.3,2.11,,paddach01
238,Chris Paddack,30,2TM,NL,-0.8,0,7,.000,6.96,13,9,2,0,0,0,53.0,69,42,41,8,19,0,39,2,0,4,248,59,4.77,1.660,11.7,1.4,3.2,6.6,2.05,,paddach01
238,Chris Paddack,30,MIA,NL,-0.8,0,5,.000,7.63,7,6,0,0,0,0,30.2,41,27,26,6,10,0,27,1,0,2,146,52,4.95,1.663,12.0,1.8,2.9,7.9,2.70,,paddach01
238,Chris Paddack,30,CIN,NL,-0.1,0,2,.000,6.04,6,3,2,0,0,0,22.1,28,15,15,2,9,0,12,1,0,2,102,70,4.53,1.657,11.3,0.8,3.6,4.8,1.33,,paddach01
238,Chris Paddack,30,TEX,AL,0.0,0,0,,4.50,1,0,0,0,0,0,4.0,7,2,2,1,0,0,1,0,0,0,19,95,5.84,1.750,15.8,2.3,0.0,2.3,,,paddach01
239,Mason Montgomery*,26,PIT,NL,1.8,6,3,.667,3.02,58,5,19,0,0,7,56.2,39,20,19,5,22,2,89,1,0,2,232,147,2.32,1.076,6.2,0.8,3.5,14.1,4.05,,montgma01
240,Jeff Hoffman,33,2TM,AL,-0.1,6,8,.429,3.97,61,0,22,0,0,5,56.2,56,32,25,4,25,4,86,6,1,4,257,112,2.62,1.429,8.9,0.6,4.0,13.7,3.44,,hoffmje02
240,Jeff Hoffman,33,TOR,AL,-0.2,6,7,.462,3.94,51,0,17,0,0,5,48.0,48,28,21,4,18,4,75,5,1,3,215,113,2.49,1.375,9.0,0.8,3.4,14.1,4.17,,hoffmje02
240,Jeff Hoffman,33,MIN,AL,0.1,0,1,.000,4.15,10,0,5,0,0,0,8.2,8,4,4,0,7,0,11,1,0,1,42,106,3.32,1.731,8.3,0.0,7.3,11.4,1.57,,hoffmje02
241,Brennan Bernardino*,34,COL,NL,1.9,3,3,.500,2.56,65,2,10,0,0,1,56.1,50,21,16,4,14,1,41,3,0,1,233,193,3.47,1.136,8.0,0.6,2.2,6.6,2.93,,bernabr01
242,Michael Petersen,32,MIA,NL,0.7,3,4,.429,3.36,56,0,6,0,0,1,56.1,39,24,21,5,26,1,66,3,0,1,231,118,3.45,1.154,6.2,0.8,4.2,10.5,2.54,,petermi01
243,Shane Bieber,31,TOR,AL,0.6,5,2,.714,4.37,11,11,0,0,0,0,55.2,55,28,27,10,24,0,44,0,0,1,242,102,5.14,1.419,8.9,1.6,3.9,7.1,1.83,,biebesh01
244,Grant Anderson,29,MIL,NL,0.4,3,3,.500,3.42,50,0,8,0,0,0,55.1,41,26,21,8,21,2,48,1,0,0,220,121,4.43,1.120,6.7,1.3,3.4,7.8,2.29,,andergr01
245,Kyle Finnegan,34,DET,AL,0.5,2,0,1.000,4.07,57,0,6,0,0,2,55.1,56,25,25,9,34,0,43,1,0,0,244,105,5.55,1.627,9.1,1.5,5.5,7.0,1.26,,finneky01
246,Edgardo Henriquez,24,LAD,NL,0.6,4,1,.800,2.77,55,1,7,0,0,1,55.1,31,23,17,1,23,0,63,6,1,3,220,149,2.62,0.976,5.0,0.2,3.7,10.2,2.74,,henried01
247,Jonathan Loáisiga,31,ARI,NL,1.4,5,3,.625,2.44,57,0,14,0,0,1,55.1,45,17,15,3,11,2,40,1,0,0,215,173,3.00,1.012,7.3,0.5,1.8,6.5,3.64,,loaisjo01
248,Sam Moll*,34,CIN,NL,-0.1,2,7,.222,4.55,64,0,7,0,0,1,55.1,53,34,28,5,30,2,54,5,0,1,252,93,4.21,1.500,8.6,0.8,4.9,8.8,1.80,,mollsa01
249,Mason Fluharty*,24,TOR,AL,1.0,5,1,.833,3.44,73,4,7,0,0,1,55.0,45,21,21,6,24,2,59,1,0,1,232,129,3.73,1.255,7.4,1.0,3.9,9.7,2.46,,fluhama01
250,Peyton Gray,31,TEX,AL,-0.2,6,0,1.000,3.93,48,0,7,0,0,0,55.0,55,29,24,9,16,3,58,3,0,1,244,99,4.15,1.291,9.0,1.5,2.6,9.5,3.63,,graype02
251,Tanner Scott*,31,LAD,NL,1.8,1,5,.167,2.45,59,0,29,0,0,20,55.0,40,15,15,4,12,4,67,1,0,1,213,168,2.31,0.945,6.5,0.7,2.0,11.0,5.58,,scottta01
252,Kodai Senga,33,NYM,NL,-1.5,0,9,.000,7.36,24,8,11,0,0,5,55.0,53,46,45,13,37,0,65,3,0,1,252,56,5.98,1.636,8.7,2.1,6.1,10.6,1.76,,sengako01
253,Albert Suárez,36,BAL,AL,0.1,2,0,1.000,3.93,25,0,16,0,0,1,55.0,50,29,24,7,19,0,38,0,0,1,230,106,4.40,1.255,8.2,1.1,3.1,6.2,2.00,,suareal01
254,Fernando Cruz,36,NYY,AL,1.1,4,6,.400,3.13,61,0,9,0,0,2,54.2,41,23,19,7,32,2,67,2,0,4,234,136,4.17,1.335,6.8,1.2,5.3,11.0,2.09,,cruzfe01
255,Riley O'Brien,31,STL,NL,0.3,3,6,.333,3.95,56,0,46,0,0,34,54.2,44,26,24,3,23,2,54,10,0,6,235,99,3.64,1.226,7.2,0.5,3.8,8.9,2.35,AS,obrieri01
256,Jack Dreyer*,27,LAD,NL,1.1,5,2,.714,2.98,58,1,15,0,0,1,54.1,39,18,18,7,20,3,66,1,0,4,219,139,3.50,1.086,6.5,1.2,3.3,10.9,3.30,,dreyeja01
257,Yuki Matsui*,30,SDP,NL,1.8,3,1,.750,1.99,43,0,9,0,0,0,54.1,30,13,12,6,32,3,60,2,0,4,221,204,4.20,1.141,5.0,1.0,5.3,9.9,1.88,,matsuyu01
258,Juan Morillo,27,ARI,NL,1.9,3,4,.429,2.15,58,0,13,0,0,2,54.1,37,15,13,2,20,1,62,3,0,4,220,196,2.56,1.049,6.1,0.3,3.3,10.3,3.10,,morilju02
259,Bryan Baker,31,TBR,AL,2.6,1,2,.333,1.50,56,0,44,0,0,39,54.0,30,11,9,4,17,1,60,2,1,0,210,288,2.89,0.870,5.0,0.7,2.8,10.0,3.53,AS,bakerbr01
260,Hunter Dobbins,26,STL,NL,0.7,3,3,.500,3.67,11,8,3,0,0,1,54.0,49,24,22,7,24,0,52,2,0,0,231,107,4.30,1.352,8.2,1.2,4.0,8.7,2.17,,dobbihu01
261,Stephen Kolek,29,KCR,AL,0.1,4,3,.571,4.50,10,10,0,1,1,0,54.0,55,30,27,8,12,0,34,2,0,2,224,92,4.54,1.241,9.2,1.3,2.0,5.7,2.83,,kolekst01
262,Orion Kerkering,25,PHI,NL,0.9,7,1,.875,3.86,58,0,7,0,0,2,53.2,41,26,23,3,28,1,57,6,0,1,238,118,3.60,1.286,6.9,0.5,4.7,9.6,2.04,,kerkeor01
263,Ryne Stanek,34,STL,NL,-0.1,2,2,.500,4.39,60,0,6,0,0,2,53.1,46,28,26,9,28,1,56,1,0,3,228,89,4.82,1.388,7.8,1.5,4.7,9.5,2.00,,stanery01
264,Camilo Doval,28,2TM,2LG,-0.4,3,1,.750,4.05,58,0,13,0,0,1,53.1,47,33,24,7,29,1,56,3,0,2,237,107,4.50,1.425,7.9,1.2,4.9,9.5,1.93,,dovalca01
264,Camilo Doval,28,NYY,AL,-0.8,3,1,.750,4.54,44,0,10,0,0,1,39.2,38,29,20,6,18,1,39,2,0,2,178,94,4.61,1.412,8.6,1.4,4.1,8.8,2.17,,dovalca01
264,Camilo Doval,28,PIT,NL,0.4,0,0,,2.63,14,0,3,0,0,0,13.2,9,4,4,1,11,0,17,1,0,0,59,171,4.19,1.463,5.9,0.7,7.2,11.2,1.55,,dovalca01
265,Tim Hill*,36,NYY,AL,0.4,4,2,.667,4.08,60,0,10,0,0,2,53.0,46,27,24,9,11,2,23,6,0,1,213,104,5.39,1.075,7.8,1.5,1.9,3.9,2.09,,hillti01
266,Bryan King*,29,HOU,AL,-0.2,2,3,.400,4.75,51,1,14,0,0,6,53.0,57,30,28,8,19,1,44,6,0,2,238,87,4.81,1.434,9.7,1.4,3.2,7.5,2.32,,kingbr02
267,Germán Márquez,31,SDP,NL,-0.2,4,2,.667,5.26,13,10,2,0,0,1,53.0,55,32,31,14,24,0,37,2,0,2,236,77,6.60,1.491,9.3,2.4,4.1,6.3,1.54,,marquge01
268,Ryan Yarbrough*,34,NYY,AL,0.0,2,1,.667,3.91,32,1,18,0,0,3,53.0,44,30,23,3,21,1,39,4,1,1,226,109,3.77,1.226,7.5,0.5,3.6,6.6,1.86,,yarbrry01
269,Bryan Abreu,29,HOU,AL,0.8,5,3,.625,3.93,55,0,25,0,0,8,52.2,36,25,23,7,39,0,68,4,0,5,229,106,4.69,1.424,6.2,1.2,6.7,11.6,1.74,,abreubr01
270,Alex Lange,30,KCR,AL,-0.9,2,7,.222,5.81,51,0,24,0,0,10,52.2,52,36,34,6,27,0,54,5,0,5,234,72,4.35,1.500,8.9,1.0,4.6,9.2,2.00,,langeal01
271,Ryan Rolison*,28,CHC,NL,0.8,7,1,.875,3.08,49,2,13,0,0,1,52.2,44,20,18,6,24,0,48,0,0,4,213,137,4.12,1.291,7.5,1.0,4.1,8.2,2.00,,rolisry01
272,Greg Weissert,31,BOS,AL,0.3,3,2,.600,3.76,56,0,7,0,0,1,52.2,49,23,22,8,17,1,53,2,0,0,222,109,4.14,1.253,8.4,1.4,2.9,9.1,3.12,,weissgr01
273,Colin Holderman,30,CLE,AL,1.2,6,4,.600,2.75,53,0,9,0,0,1,52.1,34,18,16,1,19,1,50,10,0,2,218,151,3.09,1.013,5.8,0.2,3.3,8.6,2.63,,holdeco01
274,Gabriel Hughes,24,COL,NL,0.2,0,6,.000,6.19,11,10,1,0,0,1,52.1,54,36,36,5,21,1,42,2,0,3,231,80,4.05,1.433,9.3,0.9,3.6,7.2,2.00,,hughega01
275,Trevor Megill,32,MIL,NL,1.9,2,3,.400,2.24,53,0,33,0,0,25,52.1,30,15,13,0,14,3,57,1,0,3,203,185,1.77,0.841,5.2,0.0,2.4,9.8,4.07,,megiltr01
276,Luke Weaver,32,2TM,NL,1.7,2,1,.667,2.58,51,0,6,0,0,1,52.1,35,16,15,3,15,1,55,2,0,0,207,162,2.71,0.955,6.0,0.5,2.6,9.5,3.67,,weavelu01
276,Luke Weaver,32,NYM,NL,1.9,2,1,.667,1.84,42,0,4,0,0,1,44.0,25,10,9,3,11,1,45,2,0,0,169,222,2.82,0.818,5.1,0.6,2.3,9.2,4.09,,weavelu01
276,Luke Weaver,32,PIT,NL,-0.2,0,0,,6.48,9,0,2,0,0,0,8.1,10,6,6,0,4,0,10,0,0,0,38,71,2.13,1.680,10.8,0.0,4.3,10.8,2.50,,weavelu01
277,Chase Silseth,26,2TM,AL,1.2,3,3,.500,2.92,62,0,10,0,0,0,52.1,43,19,17,5,32,4,61,2,0,5,230,140,3.95,1.433,7.4,0.9,5.5,10.5,1.91,,silsech01
277,Chase Silseth,26,LAA,AL,1.0,3,2,.600,2.72,47,0,8,0,0,0,39.2,34,14,12,3,22,1,48,1,0,5,174,151,3.40,1.412,7.7,0.7,5.0,10.9,2.18,,silsech01
277,Chase Silseth,26,TEX,AL,0.2,0,1,.000,3.55,15,0,2,0,0,0,12.2,9,5,5,2,10,3,13,1,0,0,56,113,5.70,1.500,6.4,1.4,7.1,9.2,1.30,,silsech01
278,Steven Cruz,27,KCR,AL,0.1,2,3,.400,4.35,49,2,19,0,0,6,51.2,46,26,25,12,19,2,56,3,0,1,217,95,5.22,1.258,8.0,2.1,3.3,9.8,2.95,,cruzst01
279,Tyler Glasnow,32,LAD,NL,1.7,4,0,1.000,2.79,9,9,0,0,0,0,51.2,28,16,16,5,14,1,62,0,0,2,192,148,2.76,0.813,4.9,0.9,2.4,10.8,4.43,,glasnty01
280,Jonathan Bowlan,29,PHI,NL,1.5,2,1,.667,2.82,53,0,7,0,0,2,51.0,36,18,16,5,14,0,64,3,0,0,204,161,2.86,0.980,6.4,0.9,2.5,11.3,4.57,,bowlajo01
281,Raisel Iglesias,36,ATL,NL,1.0,1,2,.333,2.82,50,0,42,0,0,29,51.0,44,19,16,5,16,1,52,1,1,0,207,148,3.33,1.176,7.8,0.9,2.8,9.2,3.25,AS,iglesra01
282,Seranthony Domínguez,31,2TM,AL,0.4,5,3,.625,4.44,57,0,25,0,0,12,50.2,39,28,25,9,30,2,57,3,0,5,219,95,5.11,1.362,6.9,1.6,5.3,10.1,1.90,,dominse01
282,Seranthony Domínguez,31,CHW,AL,0.5,4,3,.571,3.99,43,0,21,0,0,12,38.1,28,20,17,6,23,2,47,2,0,5,165,108,4.63,1.330,6.6,1.4,5.4,11.0,2.04,,dominse01
282,Seranthony Domínguez,31,SEA,AL,-0.1,1,0,1.000,5.84,14,0,4,0,0,0,12.1,11,8,8,3,7,0,10,1,0,0,54,69,6.58,1.459,8.0,2.2,5.1,7.3,1.43,,dominse01
283,Kris Bubic*,28,KCR,AL,0.7,3,2,.600,4.11,9,9,0,0,0,0,50.1,36,23,23,4,26,0,51,1,0,4,207,101,3.71,1.232,6.4,0.7,4.6,9.1,1.96,,bubickr01
284,Jhoan Duran,28,PHI,NL,3.1,2,4,.333,1.61,52,0,47,0,0,29,50.1,44,11,9,1,9,1,69,4,0,3,203,283,1.38,1.053,7.9,0.2,1.6,12.3,7.67,AS,duranjh01
285,Andrés Muñoz,27,SEA,AL,0.0,5,5,.500,4.29,53,0,41,0,0,24,50.1,40,26,24,7,20,0,81,1,1,2,211,92,2.93,1.192,7.2,1.3,3.6,14.5,4.05,,munozan01
286,Anthony Nunez,24,BAL,AL,0.0,3,2,.600,4.29,44,0,10,0,0,3,50.1,41,28,24,5,25,2,55,2,1,4,218,97,3.81,1.311,7.3,0.9,4.5,9.8,2.20,,nunezan01
287,John Schreiber,32,2TM,AL,0.3,1,3,.250,3.58,56,0,6,0,0,1,50.1,41,23,20,7,22,3,36,1,0,3,206,117,4.84,1.252,7.3,1.3,3.9,6.4,1.64,,schrejo01
287,John Schreiber,32,NYY,AL,0.0,0,0,,0.00,1,0,1,0,0,0,1.0,0,0,0,0,0,0,0,0,0,0,3,,3.09,0.000,0.0,0.0,0.0,0.0,,,schrejo01
287,John Schreiber,32,KCR,AL,0.3,1,3,.250,3.65,55,0,5,0,0,1,49.1,41,23,20,7,22,3,36,1,0,3,203,114,4.88,1.277,7.5,1.3,4.0,6.6,1.64,,schrejo01
288,Tommy Nance,35,2TM,AL,1.0,2,2,.500,3.22,49,0,7,0,0,0,50.1,47,19,18,5,19,1,55,0,1,3,213,137,3.33,1.311,8.4,0.9,3.4,9.8,2.89,,nanceto01
288,Tommy Nance,35,TOR,AL,0.3,1,2,.333,3.82,32,0,4,0,0,0,33.0,29,15,14,5,13,1,34,0,0,2,139,117,4.18,1.273,7.9,1.4,3.5,9.3,2.62,,nanceto01
288,Tommy Nance,35,MIN,AL,0.7,1,0,1.000,2.08,17,0,3,0,0,0,17.1,18,4,4,0,6,0,21,0,1,1,74,207,1.71,1.385,9.3,0.0,3.1,10.9,3.50,,nanceto01
289,José Alvarado*,31,PHI,NL,-0.2,3,3,.500,5.62,57,0,4,0,0,1,49.2,54,33,31,5,23,2,61,8,0,4,231,81,3.82,1.550,9.8,0.9,4.2,11.1,2.65,,alvarjo03
290,John King*,31,MIA,NL,0.2,6,2,.750,3.99,50,1,12,0,0,1,49.2,33,24,22,7,17,2,33,4,0,0,197,99,4.86,1.007,6.0,1.3,3.1,6.0,1.94,,kingjo01
291,Taylor Rogers*,35,MIN,AL,0.3,6,3,.667,4.74,55,0,16,0,0,2,49.1,53,26,26,4,24,3,42,3,0,0,224,89,4.09,1.561,9.7,0.7,4.4,7.7,1.75,,rogerta01
292,Abner Uribe,26,MIL,NL,2.0,4,2,.667,2.01,50,0,14,0,0,6,49.1,32,11,11,3,18,2,50,1,0,2,194,206,3.01,1.014,5.8,0.5,3.3,9.1,2.78,,uribeab01
293,Brooks Raley*,38,2TM,NL,1.8,5,5,.500,2.20,55,0,6,0,0,1,49.0,37,15,12,4,16,1,48,3,0,1,200,190,3.36,1.082,6.8,0.7,2.9,8.8,3.00,,raleybr01
293,Brooks Raley*,38,NYM,NL,1.5,5,5,.500,1.96,45,0,5,0,0,0,41.1,30,12,9,2,15,1,40,3,0,1,170,209,3.09,1.089,6.5,0.4,3.3,8.7,2.67,,raleybr01
293,Brooks Raley*,38,PHI,NL,0.4,0,0,,3.52,10,0,1,0,0,1,7.2,7,3,3,2,1,0,8,0,0,0,30,134,4.79,1.043,8.2,2.3,1.2,9.4,8.00,,raleybr01
294,Tim Herrin*,29,CLE,AL,0.9,2,4,.333,3.14,58,0,8,0,0,0,48.2,36,18,17,5,24,3,44,5,0,3,203,132,4.41,1.233,6.7,0.9,4.4,8.1,1.83,,herriti01
295,Alex Vesia*,30,LAD,NL,0.7,1,1,.500,3.14,62,0,9,0,0,3,48.2,27,18,17,4,31,3,60,0,1,0,206,131,3.61,1.192,5.0,0.7,5.7,11.1,1.94,,vesiaal01
296,Mitch Farris*,25,LAA,AL,0.1,1,3,.250,4.28,27,0,10,0,0,1,48.1,51,25,23,9,24,1,51,1,0,6,210,96,4.96,1.552,9.5,1.7,4.5,9.5,2.13,,farrimi01
297,Cole Winn,26,TEX,AL,-0.9,5,3,.625,5.63,51,1,9,0,0,1,48.0,54,32,30,7,16,1,49,1,0,4,215,70,4.01,1.458,10.1,1.3,3.0,9.2,3.06,,winnco01
298,Caleb Kilian,29,2TM,NL,-0.3,4,7,.364,4.91,49,0,25,0,0,8,47.2,43,30,26,6,22,2,56,1,0,1,209,82,3.83,1.364,8.1,1.1,4.2,10.6,2.55,,kiliaca01
298,Caleb Kilian,29,SFG,NL,0.3,3,6,.333,4.26,45,0,23,0,0,8,44.1,39,23,21,5,20,2,53,1,0,1,193,93,3.59,1.331,7.9,1.0,4.1,10.8,2.65,,kiliaca01
298,Caleb Kilian,29,PHI,NL,-0.5,1,1,.500,13.50,4,0,2,0,0,0,3.1,4,7,5,1,2,0,3,0,0,0,16,37,6.99,1.800,10.8,2.7,5.4,8.1,1.50,,kiliaca01
299,Victor Vodnik,26,2TM,NL,0.1,3,3,.500,4.91,43,0,15,0,0,4,47.2,48,30,26,3,27,1,36,3,0,5,216,96,4.29,1.573,9.1,0.6,5.1,6.8,1.33,,vodnivi01
299,Victor Vodnik,26,COL,NL,0.0,3,3,.500,5.25,33,0,12,0,0,4,36.0,42,24,21,3,19,1,26,1,0,4,163,94,4.40,1.694,10.5,0.8,4.8,6.5,1.37,,vodnivi01
299,Victor Vodnik,26,MIA,NL,0.0,0,0,,3.86,10,0,3,0,0,0,11.2,6,6,5,0,8,0,10,2,0,1,53,105,3.95,1.200,4.6,0.0,6.2,7.7,1.25,,vodnivi01
300,Hunter Gaddis,28,CLE,AL,1.0,2,3,.400,3.04,55,0,3,0,0,1,47.1,42,16,16,5,19,0,46,2,0,1,205,137,3.85,1.289,8.0,1.0,3.6,8.7,2.42,,gaddihu01
301,DL Hall*,27,MIL,NL,1.3,2,0,1.000,2.30,37,1,10,0,0,0,47.0,21,12,12,4,28,0,51,1,0,5,183,180,3.88,1.043,4.0,0.8,5.4,9.8,1.82,,halldl01
302,Dennis Santana,30,2TM,NL,-0.4,2,5,.286,5.55,50,0,23,0,0,2,47.0,46,32,29,9,22,2,42,3,1,1,209,80,5.39,1.447,8.8,1.7,4.2,8.0,1.91,,santade01
302,Dennis Santana,30,PIT,NL,-0.5,2,5,.286,6.05,44,0,22,0,0,2,41.2,42,30,28,8,21,2,37,2,1,1,186,73,5.47,1.512,9.1,1.7,4.5,8.0,1.76,,santade01
302,Dennis Santana,30,ARI,NL,0.1,0,0,,1.69,6,0,1,0,0,0,5.1,4,2,1,1,1,0,5,1,0,0,23,265,4.78,0.938,6.8,1.7,1.7,8.4,5.00,,santade01
303,José Fermin,24,LAA,AL,0.5,4,2,.667,3.28,44,0,10,0,0,1,46.2,40,20,17,6,21,1,55,4,0,3,203,126,4.01,1.307,7.7,1.2,4.1,10.6,2.62,,fermijo02
304,Jakob Junis,33,TEX,AL,1.2,1,2,.333,2.72,43,1,11,0,0,5,46.1,40,14,14,3,12,2,35,3,0,2,191,144,3.40,1.122,7.8,0.6,2.3,6.8,2.92,,junisja01
305,Cole Sulser,36,TBR,AL,-0.5,1,0,1.000,4.86,41,2,9,0,0,2,46.1,47,29,25,6,14,3,48,0,0,3,197,89,3.61,1.317,9.1,1.2,2.7,9.3,3.43,,sulseco01
306,Tobias Myers,27,NYM,NL,-0.9,0,2,.000,6.26,26,3,5,0,0,1,46.0,51,34,32,9,13,1,33,0,0,1,198,65,5.05,1.391,10.0,1.8,2.5,6.5,2.54,,myersto01
307,Sam Bachman,26,LAA,AL,0.2,1,2,.333,4.14,41,0,6,0,0,1,45.2,34,22,21,6,27,1,46,3,0,2,198,100,4.76,1.336,6.7,1.2,5.3,9.1,1.70,,bachmsa01
308,Aroldis Chapman*,38,BOS,AL,1.9,3,4,.429,1.77,47,0,38,0,0,30,45.2,32,11,9,2,20,0,60,1,0,2,189,232,2.41,1.139,6.3,0.4,3.9,11.8,3.00,AS,chapmar01
309,Tyler Kinley,35,2TM,2LG,0.5,6,5,.545,3.74,52,0,16,0,0,1,45.2,36,21,19,9,22,4,43,2,0,1,190,113,5.35,1.270,7.1,1.8,4.3,8.5,1.95,,kinlety01
309,Tyler Kinley,35,ATL,NL,0.4,6,5,.545,4.01,49,0,15,0,0,1,42.2,35,21,19,9,20,4,42,2,0,1,179,104,5.41,1.289,7.4,1.9,4.2,8.9,2.10,,kinlety01
309,Tyler Kinley,35,DET,AL,0.1,0,0,,0.00,3,0,1,0,0,0,3.0,1,0,0,0,2,0,1,0,0,0,11,,4.43,1.000,3.0,0.0,6.0,3.0,0.50,,kinlety01
310,Travis Adams,26,MIN,AL,-0.1,3,0,1.000,5.56,33,0,7,0,0,2,45.1,43,28,28,7,20,0,51,0,0,3,196,76,4.17,1.390,8.5,1.4,4.0,10.1,2.55,,adamstr01
311,Clayton Beeter,27,WSN,NL,0.5,5,4,.556,3.97,47,0,18,0,0,12,45.1,32,21,20,7,30,4,45,3,0,11,196,108,5.30,1.368,6.4,1.4,6.0,8.9,1.50,,beetecl01
312,Brandon Woodruff,33,MIL,NL,1.1,2,2,.500,2.98,9,9,0,0,0,0,45.1,28,16,15,5,10,1,47,1,0,0,174,139,3.18,0.838,5.6,1.0,2.0,9.3,4.70,,woodrbr01
313,Elvis Alvarado,27,ATH,AL,0.8,4,3,.571,4.00,45,0,18,0,0,5,45.0,32,21,20,8,21,0,54,2,1,2,183,112,4.54,1.178,6.4,1.6,4.2,10.8,2.57,,alvarel01
314,Patrick Sandoval*,29,BOS,AL,0.1,1,3,.250,4.20,9,9,0,0,0,0,45.0,55,24,21,6,22,0,48,1,0,2,207,98,4.23,1.711,11.0,1.2,4.4,9.6,2.18,,sandopa02
315,Chase Shugart,29,PHI,NL,0.5,2,1,.667,4.60,38,0,20,0,0,0,45.0,39,25,23,10,18,1,53,4,0,0,191,99,5.09,1.267,7.8,2.0,3.6,10.6,2.94,,shugach01
316,Garrett Whitlock,30,BOS,AL,1.6,6,1,.857,2.00,46,0,8,0,0,2,45.0,32,12,10,3,7,0,50,0,0,2,171,206,2.20,0.867,6.4,0.6,1.4,10.0,7.14,,whitlga01
317,Tejay Antone,32,CIN,NL,0.5,2,2,.500,3.83,46,0,10,0,0,1,44.2,38,22,19,6,13,2,43,6,0,0,194,110,4.19,1.142,7.7,1.2,2.6,8.7,3.31,,antonte01
318,Cristian Javier,29,HOU,AL,-0.6,1,5,.167,6.45,13,8,2,0,0,0,44.2,54,32,32,8,19,0,42,2,0,0,204,65,4.95,1.634,10.9,1.6,3.8,8.5,2.21,,javiecr01
319,Jesse Scholtens,32,TBR,AL,0.3,5,3,.625,4.03,11,2,3,0,0,0,44.2,46,22,20,10,14,1,34,3,1,0,196,107,5.62,1.343,9.3,2.0,2.8,6.9,2.43,,scholje01
320,Paul Sewald,36,2TM,2LG,-0.9,2,5,.286,5.44,51,0,35,0,0,24,44.2,37,29,27,12,12,0,48,2,0,2,186,79,5.38,1.097,7.5,2.4,2.4,9.7,4.00,,sewalpa01
320,Paul Sewald,36,ARI,NL,-1.2,2,5,.286,6.23,45,0,35,0,0,24,39.0,34,29,27,12,9,0,44,2,0,2,163,68,5.68,1.103,7.8,2.8,2.1,10.2,4.89,,sewalpa01
320,Paul Sewald,36,TOR,AL,0.3,0,0,,0.00,6,0,0,0,0,0,5.2,3,0,0,0,3,0,4,0,0,0,23,,3.27,1.059,4.8,0.0,4.8,6.4,1.33,,sewalpa01
321,Trent Thornton,32,CHC,NL,0.4,5,5,.500,3.45,43,0,12,0,0,3,44.1,36,20,17,7,16,2,26,1,0,1,177,122,5.12,1.173,7.3,1.4,3.2,5.3,1.63,,thorntr01
322,Mitch Bratt*,22,ARI,NL,0.2,1,3,.250,4.70,10,10,0,0,0,0,44.0,40,23,23,5,27,1,30,1,0,1,194,90,5.12,1.523,8.2,1.0,5.5,6.1,1.11,,brattmi01
323,Yennier Cano,32,BAL,AL,0.6,2,3,.400,3.07,59,0,9,0,0,3,44.0,36,18,15,1,10,0,40,2,0,2,180,136,2.39,1.045,7.4,0.2,2.0,8.2,4.00,,canoye01
324,Chase Dollander,24,COL,NL,1.0,3,3,.500,3.89,10,3,1,0,0,0,44.0,39,19,19,6,18,0,47,3,0,0,189,127,4.16,1.295,8.0,1.2,3.7,9.6,2.61,,dollach01
325,Lance McCullers Jr.,32,2TM,2LG,-0.8,2,3,.400,6.55,10,8,0,0,0,0,44.0,41,37,32,7,27,0,48,2,0,4,195,64,4.96,1.545,8.4,1.4,5.5,9.8,1.78,,mcculla02
325,Lance McCullers Jr.,32,HOU,AL,-0.6,2,3,.400,6.86,8,8,0,0,0,0,39.1,38,32,30,7,22,0,43,2,0,4,172,61,5.05,1.525,8.7,1.6,5.0,9.8,1.95,,mcculla02
325,Lance McCullers Jr.,32,MIL,NL,-0.2,0,0,,3.86,2,0,0,0,0,0,4.2,3,5,2,0,5,0,5,0,0,0,23,115,4.16,1.714,5.8,0.0,9.6,9.6,1.00,,mcculla02
326,Erik Miller*,28,2TM,2LG,1.1,3,0,1.000,2.25,49,1,11,0,0,4,44.0,31,12,11,3,25,2,65,3,0,3,188,180,2.93,1.273,6.3,0.6,5.1,13.3,2.60,,milleer01
326,Erik Miller*,28,SFG,NL,0.7,2,0,1.000,2.76,38,0,11,0,0,4,32.2,23,10,10,2,22,2,45,2,0,2,142,145,3.34,1.378,6.3,0.6,6.1,12.4,2.05,,milleer01
326,Erik Miller*,28,BOS,AL,0.4,1,0,1.000,0.79,11,1,0,0,0,0,11.1,8,2,1,1,3,0,20,1,0,1,46,532,1.77,0.971,6.4,0.8,2.4,15.9,6.67,,milleer01
327,JoJo Romero*,29,2TM,NL,0.7,1,3,.250,3.30,45,0,4,0,0,0,43.2,42,17,16,5,16,2,43,4,0,0,190,120,3.99,1.328,8.7,1.0,3.3,8.9,2.69,,romerjo01
327,JoJo Romero*,29,MIL,NL,0.1,0,0,,0.00,1,0,0,0,0,0,0.2,2,0,0,0,0,0,0,0,0,0,4,,3.09,3.000,27.0,0.0,0.0,0.0,,,romerjo01
327,JoJo Romero*,29,STL,NL,0.7,1,3,.250,3.35,44,0,4,0,0,0,43.0,40,17,16,5,16,2,43,4,0,0,186,117,4.00,1.302,8.4,1.0,3.3,9.0,2.69,,romerjo01
328,Dylan Dodd*,28,ATL,NL,1.4,4,1,.800,2.08,42,0,5,0,0,1,43.1,26,10,10,4,13,1,45,2,0,1,168,201,3.25,0.900,5.4,0.8,2.7,9.3,3.46,,dodddy01
329,Lucas Erceg,31,KCR,AL,-1.2,4,4,.500,6.23,47,0,27,0,0,12,43.1,53,35,30,5,29,2,31,6,0,4,208,67,5.59,1.892,11.0,1.0,6.0,6.4,1.07,,erceglu01
330,Andrew Kittredge,36,BAL,AL,-0.1,3,3,.500,3.12,49,0,18,0,0,9,43.1,48,25,15,5,11,2,36,0,0,2,192,134,3.69,1.362,10.0,1.0,2.3,7.5,3.27,,kittran01
331,Matt Svanson,27,STL,NL,-1.3,2,3,.400,7.27,41,1,14,0,0,0,43.1,55,39,35,5,21,0,41,2,1,5,207,54,4.29,1.754,11.4,1.0,4.4,8.5,1.95,,svansma01
332,Kody Funderburk*,29,MIN,AL,0.6,3,2,.600,3.77,46,0,2,0,0,1,43.0,33,18,18,3,24,1,36,2,0,0,185,113,4.14,1.326,6.9,0.6,5.0,7.5,1.50,,fundeko01
333,Kyle Hurt,28,LAD,NL,-0.1,4,1,.800,4.40,42,1,10,0,0,1,43.0,36,23,21,5,23,1,55,1,0,1,187,94,3.72,1.372,7.5,1.0,4.8,11.5,2.39,,hurtky01
334,Yusei Kikuchi*,35,LAA,AL,-0.1,0,5,.000,5.65,9,9,0,0,0,0,43.0,48,27,27,7,16,0,43,2,2,3,192,73,4.47,1.488,10.0,1.5,3.3,9.0,2.69,,kikucyu01
335,Orlando Ribalta,28,WSN,NL,0.4,1,2,.333,3.77,45,0,9,0,0,2,43.0,34,21,18,5,18,0,42,0,0,2,178,114,3.91,1.209,7.1,1.0,3.8,8.8,2.33,,ribalor01
336,Keaton Winn,28,SFG,NL,0.5,2,3,.400,3.35,44,0,5,0,0,1,43.0,34,17,16,3,17,1,33,3,1,1,176,119,3.86,1.186,7.1,0.6,3.6,6.9,1.94,,winnke01
337,Grant Wolfram*,29,BAL,AL,-0.3,6,2,.750,4.81,50,0,5,0,0,1,43.0,43,26,23,3,14,1,47,4,0,1,188,86,3.07,1.326,9.0,0.6,2.9,9.8,3.36,,wolfrgr01
338,Evan Sisk*,29,PIT,NL,0.9,1,0,1.000,3.16,39,0,6,0,0,0,42.2,33,15,15,2,23,0,48,9,0,1,186,140,3.70,1.313,7.0,0.4,4.9,10.1,2.09,,siskev01
339,Justin Sterner,29,ATH,AL,-0.5,2,3,.400,6.12,46,0,6,0,0,1,42.2,46,31,29,11,13,1,40,0,0,1,184,74,5.48,1.383,9.7,2.3,2.7,8.4,3.08,,sternju01
340,Enmanuel De Jesus*,29,DET,AL,0.2,2,0,1.000,3.83,30,0,16,0,0,1,42.1,38,21,18,3,15,0,39,2,0,0,178,112,3.38,1.252,8.1,0.6,3.2,8.3,2.60,,dejesen01
341,Jimmy Herget,32,COL,NL,-0.2,0,5,.000,5.95,43,3,13,0,0,3,42.1,45,31,28,7,22,2,38,3,0,3,190,83,5.22,1.583,9.6,1.5,4.7,8.1,1.73,,hergeji01
342,Caleb Thielbar*,39,CHC,NL,-0.4,3,2,.600,5.10,50,0,8,0,0,3,42.1,40,25,24,10,16,2,51,1,0,1,180,83,4.96,1.323,8.5,2.1,3.4,10.8,3.19,,thielca01
343,Matt Waldron,29,3TM,2LG,-0.5,2,2,.500,6.64,16,4,2,0,0,0,42.0,57,31,31,7,11,0,32,2,1,0,192,63,4.66,1.619,12.2,1.5,2.4,6.9,2.91,,waldrma01
343,Matt Waldron,29,2TM,NL,-0.3,2,2,.500,6.21,12,4,2,0,0,0,37.2,50,26,26,7,9,0,29,2,1,0,170,67,4.85,1.566,11.9,1.7,2.2,6.9,3.22,,waldrma01
343,Matt Waldron,29,SDP,NL,-0.6,1,2,.333,7.16,10,3,2,0,0,0,32.2,43,26,26,7,8,0,28,2,1,0,147,57,5.08,1.561,11.8,1.9,2.2,7.7,3.50,,waldrma01
343,Matt Waldron,29,TOR,AL,-0.2,0,0,,10.38,4,0,0,0,0,0,4.1,7,5,5,0,2,0,3,0,0,0,22,46,3.09,2.077,14.5,0.0,4.2,6.2,1.50,,waldrma01
343,Matt Waldron,29,WSN,NL,0.3,1,0,1.000,0.00,2,1,0,0,0,0,5.0,7,0,0,0,1,0,1,0,0,0,23,,3.29,1.600,12.6,0.0,1.8,1.8,1.00,,waldrma01
344,Jordan Hicks,29,CHW,AL,0.4,2,2,.500,4.54,45,2,8,0,0,1,41.2,38,21,21,4,29,4,52,1,0,4,190,95,4.01,1.608,8.2,0.9,6.3,11.2,1.79,,hicksjo03
345,Will Klein,26,LAD,NL,-0.2,3,4,.429,3.67,36,3,4,0,0,2,41.2,44,22,17,3,21,2,49,3,0,2,189,113,3.41,1.560,9.5,0.6,4.5,10.6,2.33,,kleinwi01
346,Cionel Pérez*,30,2TM,NL,0.0,4,3,.571,4.97,36,2,7,0,0,0,41.2,44,24,23,7,16,0,41,0,1,4,181,85,4.46,1.440,9.5,1.5,3.5,8.9,2.56,,perezci01
346,Cionel Pérez*,30,WSN,NL,-0.2,2,3,.400,6.19,16,0,3,0,0,0,16.0,16,12,11,2,11,0,9,0,0,2,73,71,5.66,1.688,9.0,1.1,6.2,5.1,0.82,,perezci01
346,Cionel Pérez*,30,NYM,NL,0.2,2,0,1.000,4.21,20,2,4,0,0,0,25.2,28,12,12,5,5,0,32,0,1,2,108,98,3.72,1.286,9.8,1.8,1.8,11.2,6.40,,perezci01
347,Garrett Cleavinger*,32,TBR,AL,0.0,4,4,.500,4.35,50,0,5,0,0,2,41.1,35,21,20,5,21,2,54,2,0,1,178,99,3.72,1.355,7.6,1.1,4.6,11.8,2.57,,cleavga01
348,Eric Orze,28,MIN,AL,-0.4,2,2,.500,5.66,36,0,5,0,0,1,41.1,42,27,26,1,21,2,36,2,0,0,189,75,3.33,1.524,9.1,0.2,4.6,7.8,1.71,,orzeer01
349,Jose Quintana*,37,COL,NL,0.3,2,3,.400,5.27,9,9,0,0,0,0,41.0,45,27,24,6,17,0,20,1,1,1,181,94,5.34,1.512,9.9,1.3,3.7,4.4,1.18,,quintjo01
350,Mason Barnett,25,ATH,AL,-0.6,1,4,.200,7.08,18,4,6,0,0,2,40.2,42,33,32,12,24,1,38,2,0,3,185,64,6.98,1.623,9.3,2.7,5.3,8.4,1.58,,barnema02
351,Ryan Thompson,34,ARI,NL,-0.1,4,2,.667,4.43,46,0,8,0,0,0,40.2,51,23,20,3,13,3,29,3,2,2,186,95,3.81,1.574,11.3,0.7,2.9,6.4,2.23,,thompry02
352,Pete Fairbanks,32,MIA,NL,-1.1,4,5,.444,6.02,44,1,36,0,0,18,40.1,34,30,27,8,19,1,57,3,0,3,177,66,4.48,1.314,7.6,1.8,4.2,12.7,3.00,,fairbpe01
353,Austin Warren,30,NYM,NL,0.2,2,3,.400,4.24,32,2,10,0,0,0,40.1,39,20,19,5,20,0,46,3,0,0,180,97,4.13,1.463,8.7,1.1,4.5,10.3,2.30,,warreau01
354,Brandyn Garcia*,26,ARI,NL,1.3,0,1,.000,2.25,47,0,13,0,0,4,40.0,22,11,10,2,10,1,47,5,0,1,152,188,2.52,0.800,5.0,0.5,2.3,10.6,4.70,,garcibr02
355,Craig Kimbrel,38,3TM,2LG,0.3,1,2,.333,4.05,39,0,17,0,0,1,40.0,30,20,18,4,18,1,35,2,1,4,163,106,4.14,1.200,6.8,0.9,4.1,7.9,1.94,,kimbrcr01
355,Craig Kimbrel,38,2TM,AL,0.5,1,0,1.000,2.88,25,0,8,0,0,1,25.0,14,8,8,1,12,0,20,2,1,3,99,152,3.69,1.040,5.0,0.4,4.3,7.2,1.67,,kimbrcr01
355,Craig Kimbrel,38,NYM,NL,-0.2,0,2,.000,6.00,14,0,9,0,0,0,15.0,16,12,10,3,6,1,15,0,0,1,64,69,4.89,1.467,9.6,1.8,3.6,9.0,2.50,,kimbrcr01
355,Craig Kimbrel,38,TBR,AL,0.1,0,0,,3.86,19,0,6,0,0,0,18.2,13,8,8,1,10,0,17,2,0,3,80,113,3.90,1.232,6.3,0.5,4.8,8.2,1.70,,kimbrcr01
355,Craig Kimbrel,38,KCR,AL,0.3,1,0,1.000,0.00,6,0,2,0,0,1,6.1,1,0,0,0,2,0,3,0,1,0,19,,3.09,0.474,1.4,0.0,2.8,4.3,1.50,,kimbrcr01
356,Cade Gibson*,28,MIA,NL,-0.7,2,1,.667,5.67,34,1,11,0,0,0,39.2,41,29,25,3,19,1,32,6,1,0,180,70,4.35,1.513,9.3,0.7,4.3,7.3,1.68,,gibsoca01
357,Pierce Johnson,35,CIN,NL,0.4,2,1,.667,4.54,46,0,10,0,0,1,39.2,38,20,20,6,15,0,34,0,0,2,171,93,4.48,1.336,8.6,1.4,3.4,7.7,2.27,,johnspi01
358,Mitchell Parker*,26,WSN,NL,-1.1,3,3,.500,6.58,22,0,3,0,0,1,39.2,46,31,29,9,13,0,34,2,0,3,178,65,5.46,1.487,10.4,2.0,2.9,7.7,2.62,,parkemi01
359,Kirby Yates,39,2TM,2LG,0.6,2,5,.286,3.40,44,0,20,0,0,3,39.2,31,16,15,3,17,0,47,4,1,1,169,125,3.29,1.210,7.0,0.7,3.9,10.7,2.76,,yateski01
359,Kirby Yates,39,LAA,AL,0.2,0,5,.000,3.95,31,0,17,0,0,3,27.1,20,13,12,2,12,0,36,4,1,1,118,105,3.17,1.171,6.6,0.7,4.0,11.9,3.00,,yateski01
359,Kirby Yates,39,PIT,NL,0.4,2,0,1.000,2.19,13,0,3,0,0,0,12.1,11,3,3,1,5,0,11,0,0,0,51,206,3.58,1.297,8.0,0.7,3.6,8.0,2.20,,yateski01
360,Erik Sabrowski*,28,CLE,AL,0.8,5,2,.714,2.97,51,0,5,0,0,1,39.1,25,16,13,3,26,2,65,1,0,5,169,140,2.84,1.297,5.7,0.7,5.9,14.9,2.50,,sabroer01
361,Ty Madden,26,DET,AL,0.7,1,0,1.000,3.46,17,1,7,0,0,0,39.0,29,15,15,4,13,0,40,2,0,3,160,124,3.53,1.077,6.7,0.9,3.0,9.2,3.08,,maddety01
362,Spencer Strider,27,ATL,NL,-0.1,4,2,.667,5.31,8,8,0,0,0,0,39.0,33,24,23,9,20,0,46,1,0,2,165,79,5.35,1.359,7.6,2.1,4.6,10.6,2.30,,stridsp01
363,Tyron Guerrero,35,BOS,AL,0.1,1,2,.333,3.26,38,0,2,0,0,0,38.2,37,18,14,2,7,1,36,2,0,1,159,127,2.60,1.138,8.6,0.5,1.6,8.4,5.14,,guerrta01
364,Devin Williams,31,NYM,NL,-0.6,3,2,.600,4.66,42,0,30,0,0,16,38.2,43,25,20,3,21,1,51,0,0,1,178,88,3.09,1.655,10.0,0.7,4.9,11.9,2.43,,willide03
365,Jake Bird,30,2TM,2LG,-0.3,1,1,.500,5.35,44,0,10,0,0,0,38.2,42,23,23,6,13,0,41,5,0,1,172,80,4.39,1.422,9.8,1.4,3.0,9.5,3.15,,birdja01
365,Jake Bird,30,NYY,AL,-0.4,1,1,.500,5.93,36,0,4,0,0,0,30.1,36,20,20,4,11,0,31,5,0,0,139,72,4.35,1.549,10.7,1.2,3.3,9.2,2.82,,birdja01
365,Jake Bird,30,WSN,NL,0.1,0,0,,3.24,8,0,6,0,0,0,8.1,6,3,3,2,2,0,10,0,0,1,33,137,4.53,0.960,6.5,2.2,2.2,10.8,5.00,,birdja01
366,Gabe Speier*,31,SEA,AL,1.0,2,3,.400,2.58,45,0,5,0,0,1,38.1,28,13,11,4,14,2,33,5,0,0,159,153,4.21,1.096,6.6,0.9,3.3,7.7,2.36,,speiega01
367,Julian Garcia,31,CIN,NL,0.8,2,3,.400,3.32,26,0,4,0,0,2,38.0,23,15,14,7,13,0,36,1,0,1,144,127,4.70,0.947,5.4,1.7,3.1,8.5,2.77,,garciju01
368,Blade Tidwell,25,SFG,NL,0.1,0,1,.000,4.54,13,5,6,0,0,1,37.2,33,19,19,5,13,0,31,2,0,0,154,88,4.37,1.221,7.9,1.2,3.1,7.4,2.38,,tidwebl01
369,Will Dion*,26,2TM,2LG,0.4,1,1,.500,3.38,19,1,9,0,0,0,37.1,32,18,14,6,10,0,42,1,0,0,148,127,3.82,1.125,7.7,1.4,2.4,10.1,4.20,,dionwi01
369,Will Dion*,26,CLE,AL,-0.2,0,0,,4.58,12,0,9,0,0,0,19.2,24,14,10,4,3,0,25,1,0,0,85,92,3.80,1.373,11.0,1.8,1.4,11.4,8.33,,dionwi01
369,Will Dion*,26,WSN,NL,0.6,1,1,.500,2.04,7,1,0,0,0,0,17.2,8,4,4,2,7,0,17,0,0,0,63,214,3.83,0.849,4.1,1.0,3.6,8.7,2.43,,dionwi01
370,Alex Hoppe,27,2TM,AL,0.3,0,1,.000,4.38,35,0,17,0,0,1,37.0,33,22,18,2,14,0,40,1,0,6,158,93,2.85,1.270,8.0,0.5,3.4,9.7,2.86,,hoppeal01
370,Alex Hoppe,27,SEA,AL,-0.3,0,1,.000,5.79,24,0,15,0,0,0,28.0,27,21,18,2,11,0,34,1,0,5,123,69,2.88,1.357,8.7,0.6,3.5,10.9,3.09,,hoppeal01
370,Alex Hoppe,27,BAL,AL,0.6,0,0,,0.00,11,0,2,0,0,1,9.0,6,1,0,0,3,0,6,0,0,1,35,,2.76,1.000,6.0,0.0,3.0,6.0,2.00,,hoppeal01
371,Isaac Mattson,30,PIT,NL,0.2,0,0,,4.91,37,0,7,0,0,0,36.2,40,20,20,3,18,0,34,1,0,1,166,90,3.86,1.582,9.8,0.7,4.4,8.3,1.89,,mattsis01
372,PJ Poulin*,29,WSN,NL,1.1,3,0,1.000,2.70,35,11,5,0,0,3,36.2,27,12,11,4,21,1,25,1,0,1,153,160,4.95,1.309,6.6,1.0,5.2,6.1,1.19,,poulipj01
373,Josh Hader*,32,HOU,AL,2.4,4,1,.800,0.74,37,0,30,0,0,21,36.1,14,3,3,1,11,0,48,0,0,0,134,561,1.72,0.688,3.5,0.2,2.7,11.9,4.36,,haderjo01
374,Hoby Milner*,35,2TM,2LG,0.2,1,0,1.000,4.00,39,0,7,0,0,1,36.0,36,16,16,5,9,1,18,3,0,0,152,107,4.90,1.250,9.0,1.3,2.3,4.5,2.00,,milneho01
374,Hoby Milner*,35,SEA,AL,-0.1,0,0,,54.00,1,0,0,0,0,0,0.1,2,2,2,1,0,0,0,0,0,0,3,16,42.09,6.000,54.0,27.0,0.0,0.0,,,milneho01
374,Hoby Milner*,35,CHC,NL,0.3,1,0,1.000,3.53,38,0,7,0,0,1,35.2,34,14,14,4,9,1,18,3,0,0,149,120,4.55,1.206,8.6,1.0,2.3,4.5,2.00,,milneho01
375,Mason Englert,26,TBR,AL,0.0,0,3,.000,4.54,14,3,6,0,0,1,35.2,43,19,18,9,8,3,32,1,0,3,157,95,5.34,1.430,10.9,2.3,2.0,8.1,4.00,,englema01
376,Kenley Jansen,38,DET,AL,0.3,4,5,.444,4.04,40,0,31,0,0,17,35.2,22,17,16,7,20,1,41,0,1,1,148,106,5.03,1.178,5.6,1.8,5.0,10.3,2.05,,janseke01
377,Matt Strahm*,34,KCR,AL,-1.4,3,4,.429,7.32,41,0,4,0,0,0,35.2,39,29,29,12,14,1,30,2,1,4,161,57,7.13,1.486,9.8,3.0,3.5,7.6,2.14,,strahma01
378,Cole Ragans*,28,KCR,AL,0.1,1,4,.200,4.84,8,8,0,0,0,0,35.1,27,20,19,10,23,0,45,0,0,0,151,86,6.18,1.415,6.9,2.5,5.9,11.5,1.96,,raganco01
379,Joel Kuhnel,31,2TM,2LG,0.0,1,3,.250,4.84,35,0,16,0,0,6,35.1,40,21,19,6,12,1,22,4,0,1,157,92,5.41,1.472,10.2,1.5,3.1,5.6,1.83,,kuhnejo01
379,Joel Kuhnel,31,ATH,AL,0.4,1,2,.333,4.21,25,0,12,0,0,4,25.2,27,12,12,2,6,0,14,2,0,1,108,107,3.95,1.286,9.5,0.7,2.1,4.9,2.33,,kuhnejo01
379,Joel Kuhnel,31,MIL,NL,-0.4,0,1,.000,6.52,10,0,4,0,0,2,9.2,13,9,7,4,6,1,8,2,0,0,49,65,9.30,1.966,12.1,3.7,5.6,7.4,1.33,,kuhnejo01
380,Tony Santillan,29,CIN,NL,-1.0,2,4,.333,6.75,38,0,11,0,0,5,34.2,35,28,26,10,21,2,30,2,0,2,161,63,7.10,1.615,9.1,2.6,5.5,7.8,1.43,,santito01
381,Carson Whisenhunt*,25,SFG,NL,-0.7,3,4,.429,6.49,8,8,0,0,0,0,34.2,41,26,25,5,21,0,26,1,0,2,164,61,5.37,1.788,10.6,1.3,5.5,6.8,1.24,,whiseca01
382,Nate Pearson,29,2TM,AL,0.8,2,1,.667,2.34,31,0,9,0,0,3,34.2,23,11,9,1,18,0,29,4,0,3,143,180,3.70,1.183,6.0,0.3,4.7,7.5,1.61,,pearsna01
382,Nate Pearson,29,HOU,AL,0.1,1,0,1.000,3.60,16,0,4,0,0,1,20.0,16,10,8,1,12,0,16,1,0,2,84,117,4.09,1.400,7.2,0.5,5.4,7.2,1.33,,pearsna01
382,Nate Pearson,29,KCR,AL,0.7,1,1,.500,0.61,15,0,5,0,0,2,14.2,7,1,1,0,6,0,13,3,0,1,59,690,3.16,0.886,4.3,0.0,3.7,8.0,2.17,,pearsna01
383,A.J. Minter*,32,2TM,2LG,1.1,2,2,.500,1.82,36,0,9,0,0,0,34.2,27,9,7,5,6,1,29,1,0,0,137,231,3.90,0.952,7.0,1.3,1.6,7.5,4.83,,minteaj01
383,A.J. Minter*,32,NYM,NL,0.4,1,1,.500,2.35,23,0,8,0,0,0,23.0,21,8,6,4,2,0,20,1,0,0,92,176,4.01,1.000,8.2,1.6,0.8,7.8,10.00,,minteaj01
383,A.J. Minter*,32,MIN,AL,0.7,1,1,.500,0.77,13,0,1,0,0,0,11.2,6,1,1,1,4,1,9,0,0,0,45,563,3.69,0.857,4.6,0.8,3.1,6.9,2.25,,minteaj01
384,Anthony Banda*,32,MIN,AL,0.0,2,0,1.000,4.46,39,0,5,0,0,2,34.1,31,19,17,3,15,1,33,8,0,4,156,96,4.32,1.340,8.1,0.8,3.9,8.7,2.20,,bandaan01
385,Anthony Bender,31,MIA,NL,0.9,1,1,.500,2.62,35,0,6,0,0,2,34.1,21,10,10,1,12,1,41,3,0,3,140,152,2.39,0.961,5.5,0.3,3.1,10.7,3.42,,bendean01
386,Emilio Pagán,35,CIN,NL,0.6,5,1,.833,4.19,36,0,32,0,0,20,34.1,27,16,16,7,9,1,35,4,0,3,142,101,4.84,1.049,7.1,1.8,2.4,9.2,3.89,,paganem01
387,Mike Paredes,25,MIN,AL,0.2,0,3,.000,4.72,9,5,1,0,0,0,34.1,36,19,18,6,13,0,19,3,0,0,154,90,5.66,1.427,9.4,1.6,3.4,5.0,1.46,,paredmi01
388,Bryse Wilson,28,3TM,NL,0.3,0,0,,3.67,15,0,9,0,0,0,34.1,41,14,14,3,3,0,30,2,0,0,145,117,2.92,1.282,10.7,0.8,0.8,7.9,10.00,,wilsobr02
388,Bryse Wilson,28,PHI,NL,0.1,0,0,,0.00,1,0,1,0,0,0,2.0,1,0,0,0,1,0,0,0,0,0,7,,4.59,1.000,4.5,0.0,4.5,0.0,0.00,,wilsobr02
388,Bryse Wilson,28,CHC,NL,-0.2,0,0,,8.22,2,0,0,0,0,0,7.2,12,7,7,2,1,0,8,2,0,0,38,53,5.57,1.696,14.1,2.3,1.2,9.4,8.00,,wilsobr02
388,Bryse Wilson,28,MIL,NL,0.4,0,0,,2.55,12,0,8,0,0,0,24.2,28,7,7,1,1,0,22,0,0,0,100,163,1.96,1.176,10.2,0.4,0.4,8.0,22.00,,wilsobr02
389,Justin Lawrence,31,3TM,2LG,-1.2,0,3,.000,7.34,37,0,13,0,0,1,34.1,39,35,28,9,28,1,43,6,0,3,177,61,6.97,1.951,10.2,2.4,7.3,11.3,1.54,,lawreju01
389,Justin Lawrence,31,2TM,NL,-0.5,0,2,.000,5.08,30,0,10,0,0,1,28.1,29,23,16,5,19,1,31,4,0,1,138,88,5.63,1.694,9.2,1.6,6.0,9.8,1.63,,lawreju01
389,Justin Lawrence,31,PIT,NL,-0.6,0,2,.000,5.32,23,0,5,0,0,0,22.0,22,20,13,4,12,1,25,4,0,1,106,84,5.37,1.545,9.0,1.6,4.9,10.2,2.08,,lawreju01
389,Justin Lawrence,31,MIN,AL,-0.7,0,1,.000,18.00,7,0,3,0,0,0,6.0,10,12,12,4,9,0,12,2,0,2,39,25,13.26,3.167,15.0,6.0,13.5,18.0,1.33,,lawreju01
389,Justin Lawrence,31,WSN,NL,0.1,0,0,,4.26,7,0,5,0,0,1,6.1,7,3,3,1,7,0,6,0,0,0,32,106,6.57,2.211,9.9,1.4,9.9,8.5,0.86,,lawreju01
390,Brandon Eisert*,28,2TM,2LG,-0.4,2,2,.500,6.29,32,4,5,0,0,0,34.1,36,25,24,6,12,0,40,0,0,0,150,69,4.08,1.398,9.4,1.6,3.1,10.5,3.33,,eiserbr01
390,Brandon Eisert*,28,CHW,AL,-0.2,2,1,.667,5.93,25,4,4,0,0,0,27.1,26,19,18,6,8,0,32,0,0,0,117,73,4.48,1.244,8.6,2.0,2.6,10.5,4.00,,eiserbr01
390,Brandon Eisert*,28,PIT,NL,-0.2,0,1,.000,7.71,7,0,1,0,0,0,7.0,10,6,6,0,4,0,8,0,0,0,33,60,2.52,2.000,12.9,0.0,5.1,10.3,2.00,,eiserbr01
391,Sam Aldegheri*,24,LAA,AL,-0.2,3,4,.429,5.08,9,6,2,0,0,0,33.2,31,21,19,5,17,0,22,1,0,1,151,81,5.32,1.426,8.3,1.3,4.5,5.9,1.29,,aldegsa01
392,Mark Leiter Jr.,35,ATH,AL,0.5,0,1,.000,4.28,36,0,8,0,0,4,33.2,33,16,16,2,11,1,38,4,0,2,144,105,2.94,1.307,8.8,0.5,2.9,10.2,3.45,,leitema02
393,Scott Barlow,33,ATH,AL,-0.6,2,0,1.000,6.48,36,0,4,0,0,2,33.1,26,26,24,7,19,2,29,7,0,1,152,70,6.42,1.350,7.0,1.9,5.1,7.8,1.53,,barlosc01
394,Cade Povich*,26,BAL,AL,0.6,2,1,.667,4.05,7,6,0,0,0,0,33.1,35,15,15,5,13,0,25,1,0,0,142,103,4.80,1.440,9.5,1.4,3.5,6.8,1.92,,povicca01
395,Jacob Waguespack,32,DET,AL,0.8,1,2,.333,2.70,26,1,9,0,0,0,33.1,18,11,10,5,13,0,20,1,0,2,132,159,5.10,0.930,4.9,1.4,3.5,5.4,1.54,,wagueja01
396,Shawn Armstrong,35,CLE,AL,0.0,2,1,.667,4.91,38,0,8,0,0,0,33.0,29,19,18,4,19,1,33,2,0,1,146,85,4.58,1.455,7.9,1.1,5.2,9.0,1.74,,armstsh01
397,Trey Gibson,24,BAL,AL,-0.7,1,3,.250,7.36,8,7,1,0,0,0,33.0,38,27,27,7,25,0,30,1,0,2,161,57,6.40,1.909,10.4,1.9,6.8,8.2,1.20,,gibsotr01
398,Sam Hentges*,29,SFG,NL,0.3,1,6,.143,3.27,40,0,3,0,0,0,33.0,30,15,12,0,23,2,35,4,0,4,154,122,3.43,1.606,8.2,0.0,6.3,9.5,1.52,,hentgsa01
399,Caleb Ferguson*,29,2TM,NL,0.0,1,0,1.000,5.18,35,1,5,0,0,1,33.0,37,19,19,5,19,2,31,0,0,0,150,81,4.91,1.697,10.1,1.4,5.2,8.5,1.63,,ferguca01
399,Caleb Ferguson*,29,CIN,NL,0.3,1,0,1.000,4.01,26,1,3,0,0,1,24.2,26,11,11,3,11,2,22,0,0,0,109,106,4.23,1.500,9.5,1.1,4.0,8.0,2.00,,ferguca01
399,Caleb Ferguson*,29,STL,NL,-0.3,0,0,,8.64,9,0,2,0,0,0,8.1,11,8,8,2,8,0,9,0,0,0,41,47,6.93,2.280,11.9,2.2,8.6,9.7,1.13,,ferguca01
400,JP Sears*,30,SDP,NL,0.0,3,4,.429,4.68,8,6,0,0,0,0,32.2,33,19,17,6,11,0,25,2,0,0,143,87,5.14,1.347,9.1,1.7,3.0,6.9,2.27,,searsjp01
401,Hayden Wesneski,28,HOU,AL,0.6,4,1,.800,3.86,6,6,0,0,0,0,32.2,27,14,14,2,12,0,28,1,0,2,133,108,3.37,1.194,7.4,0.6,3.3,7.7,2.33,,wesneha01
402,Jason Adam,34,SDP,NL,0.9,2,2,.500,2.51,36,0,5,0,0,2,32.1,30,9,9,5,8,0,22,2,0,0,134,162,4.67,1.175,8.4,1.4,2.2,6.1,2.75,,adamja01
403,Robby Ahlstrom*,27,TEX,AL,-0.6,3,1,.750,5.85,37,0,3,0,0,0,32.1,33,22,21,5,10,2,30,2,0,2,139,67,4.36,1.330,9.2,1.4,2.8,8.4,3.00,,ahlstro01
404,Paxton Schultz,28,WSN,NL,-0.5,1,2,.333,6.40,27,1,10,0,0,1,32.1,43,26,23,5,12,1,32,1,0,1,153,67,4.33,1.701,12.0,1.4,3.3,8.9,2.67,,schulpa01
405,Cam Booser*,34,TBR,AL,0.8,1,0,1.000,1.97,31,0,6,0,0,0,32.0,20,8,7,5,6,0,38,0,0,1,121,221,3.31,0.813,5.6,1.4,1.7,10.7,6.33,,booseca01
406,Michael Rucker,32,SEA,AL,-0.6,1,4,.200,6.47,29,0,11,0,0,0,32.0,31,27,23,4,13,0,38,2,0,1,142,61,3.75,1.375,8.7,1.1,3.7,10.7,2.92,,ruckemi01
407,Robert Suarez,35,ATL,NL,1.7,4,0,1.000,0.56,31,0,6,0,0,4,32.0,21,2,2,1,6,0,26,0,0,1,121,745,2.44,0.844,5.9,0.3,1.7,7.3,4.33,,suarero01
408,Jaden Hill,26,COL,NL,0.3,1,3,.250,5.12,37,0,4,0,0,2,31.2,31,18,18,3,19,2,33,3,0,2,148,97,4.32,1.579,8.8,0.9,5.4,9.4,1.74,,hillja01
409,Chase Petty,23,CIN,NL,0.1,1,2,.333,4.83,16,3,8,0,0,1,31.2,31,19,17,6,9,0,15,3,0,1,139,88,5.75,1.263,8.8,1.7,2.6,4.3,1.67,,pettych02
410,Gus Varland,29,WSN,NL,-1.0,1,2,.333,6.82,33,0,11,0,0,6,31.2,43,26,24,7,15,1,30,0,0,2,151,63,5.49,1.832,12.2,2.0,4.3,8.5,2.00,,varlagu01
411,Tyler Zuber,31,MIA,NL,0.0,2,1,.667,3.98,35,0,7,0,0,1,31.2,35,16,14,7,6,0,34,2,0,2,135,100,4.58,1.295,9.9,2.0,1.7,9.7,5.67,,zuberty01
412,Mason Black,26,KCR,AL,0.1,0,0,,4.31,17,0,5,0,0,0,31.1,30,16,15,6,20,0,19,2,0,1,142,97,6.48,1.596,8.6,1.7,5.7,5.5,0.95,,blackma01
413,Brad Keller,30,PHI,NL,0.6,2,1,.667,4.02,32,0,6,0,0,3,31.1,29,15,14,4,13,0,32,2,0,3,135,114,4.15,1.340,8.3,1.1,3.7,9.2,2.46,,kellebr01
414,Justin Slaten,28,BOS,AL,-0.6,2,4,.333,4.60,36,0,3,0,0,0,31.1,35,20,16,4,8,0,39,0,0,0,137,90,3.03,1.372,10.1,1.1,2.3,11.2,4.88,,slateju01
415,Craig Yoho,26,2TM,2LG,0.1,2,1,.667,4.60,26,0,8,0,0,0,31.1,22,16,16,6,14,0,32,3,0,2,132,92,5.17,1.149,6.3,1.7,4.0,9.2,2.29,,yohocr01
415,Craig Yoho,26,MIL,NL,0.3,2,0,1.000,3.15,15,0,6,0,0,0,20.0,9,7,7,3,8,0,18,2,0,1,78,133,4.74,0.850,4.1,1.4,3.6,8.1,2.25,,yohocr01
415,Craig Yoho,26,CLE,AL,-0.2,0,1,.000,7.15,11,0,2,0,0,0,11.1,13,9,9,3,6,0,14,1,0,1,54,60,5.92,1.676,10.3,2.4,4.8,11.1,2.33,,yohocr01
416,Cooper Criswell,29,SEA,AL,0.4,2,2,.500,3.48,27,0,13,0,0,1,31.0,29,14,12,3,10,3,23,1,0,1,125,114,3.93,1.258,8.4,0.9,2.9,6.7,2.30,,criswco01
417,Jeremiah Estrada,27,SDP,NL,0.2,2,3,.400,3.48,33,0,5,0,0,1,31.0,20,16,12,2,16,0,38,0,0,3,126,117,3.03,1.161,5.8,0.6,4.6,11.0,2.38,,estraje01
418,Ryan Walker,30,SFG,NL,-0.9,0,1,.000,6.97,31,0,11,0,0,3,31.0,38,25,24,5,17,3,22,1,0,4,146,57,5.51,1.774,11.0,1.5,4.9,6.4,1.29,,walkery01
419,Dylan Smith,26,SFG,NL,0.5,0,5,.000,3.23,33,0,13,0,0,3,30.2,26,13,11,3,15,3,39,2,0,3,134,123,3.48,1.337,7.6,0.9,4.4,11.4,2.60,,smithdy01
420,Brady Basso*,28,ATH,AL,0.3,0,2,.000,4.75,21,4,1,0,0,0,30.1,39,17,16,3,4,1,24,0,0,0,134,95,3.19,1.418,11.6,0.9,1.2,7.1,6.00,,bassobr01
421,Richard Lovelady*,30,2TM,NL,0.4,2,4,.333,3.86,33,5,11,0,0,4,30.1,34,15,13,4,21,4,27,3,0,0,146,112,5.40,1.813,10.1,1.2,6.2,8.0,1.29,,lovelri01
421,Richard Lovelady*,30,NYM,NL,0.0,1,1,.500,3.68,6,0,5,0,0,0,7.1,8,5,3,1,4,1,6,0,0,0,32,116,4.87,1.636,9.8,1.2,4.9,7.4,1.50,,lovelri01
421,Richard Lovelady*,30,WSN,NL,0.4,1,3,.250,3.91,27,5,6,0,0,4,23.0,26,10,10,3,17,3,21,3,0,0,114,111,5.57,1.870,10.2,1.2,6.7,8.2,1.24,,lovelri01
422,Garrett Crochet*,27,BOS,AL,-0.5,3,3,.500,6.30,6,6,0,0,0,0,30.0,33,23,21,5,11,0,37,4,0,2,138,66,4.29,1.467,9.9,1.5,3.3,11.1,3.36,,crochga01
423,Chris Murphy*,28,CHW,AL,0.1,3,0,1.000,4.20,29,2,8,0,0,1,30.0,26,17,14,2,15,0,29,4,0,3,132,102,3.93,1.367,7.8,0.6,4.5,8.7,1.93,,murphch01
424,Lucas Giolito,31,SDP,NL,-0.2,2,3,.400,5.16,7,5,0,0,0,0,29.2,32,19,17,4,23,0,18,1,0,3,138,79,6.06,1.854,9.7,1.2,7.0,5.5,0.78,,giolilu01
425,Kendry Rojas*,23,MIN,AL,0.6,1,1,.500,3.34,12,4,3,0,0,0,29.2,23,11,11,2,22,0,34,1,0,1,130,128,4.00,1.517,7.0,0.6,6.7,10.3,1.55,,rojaske01
426,Tyler Schweitzer*,25,CHW,AL,0.4,1,0,1.000,3.64,14,0,8,0,0,1,29.2,30,12,12,3,10,0,16,0,0,1,125,118,4.34,1.348,9.1,0.9,3.0,4.9,1.60,,schwety01
427,Tanner Banks*,34,PHI,NL,-0.6,0,4,.000,7.14,28,1,6,0,0,0,29.0,45,27,23,7,13,1,32,0,0,0,146,64,5.37,2.000,14.0,2.2,4.0,9.9,2.46,,banksta01
428,Drew Sommers*,25,DET,AL,0.5,1,3,.250,3.10,33,0,2,0,0,0,29.0,24,12,10,2,12,2,46,1,0,1,121,139,2.16,1.241,7.4,0.6,3.7,14.3,3.83,,sommedr01
429,Drew Pomeranz*,37,2TM,2LG,-0.3,2,3,.400,5.59,31,0,8,0,0,0,29.0,32,19,18,7,16,4,17,2,0,0,135,75,6.92,1.655,9.9,2.2,5.0,5.3,1.06,,pomerdr01
429,Drew Pomeranz*,37,LAA,AL,-0.1,0,3,.000,5.01,25,0,6,0,0,0,23.1,25,14,13,5,12,4,16,2,0,0,108,83,6.31,1.586,9.6,1.9,4.6,6.2,1.33,,pomerdr01
429,Drew Pomeranz*,37,CHC,NL,-0.2,2,0,1.000,7.94,6,0,2,0,0,0,5.2,7,5,5,2,4,0,1,0,0,0,27,56,9.45,1.941,11.1,3.2,6.4,1.6,0.25,,pomerdr01
430,Wilber Dotel,23,PIT,NL,0.1,1,4,.200,4.71,15,0,2,0,0,0,28.2,27,17,15,2,13,1,31,0,0,0,123,94,3.20,1.395,8.5,0.6,4.1,9.7,2.38,,dotelwi01
431,Chris Roycroft,29,3TM,2LG,-0.7,1,0,1.000,7.31,20,0,11,0,0,1,28.1,38,23,23,8,13,1,19,3,0,0,138,60,7.12,1.800,12.1,2.5,4.1,6.0,1.46,,roycrch01
431,Chris Roycroft,29,2TM,AL,-0.1,1,0,1.000,5.48,13,0,7,0,0,1,23.0,25,14,14,6,5,1,15,2,0,0,99,81,6.09,1.304,9.8,2.3,2.0,5.9,3.00,,roycrch01
431,Chris Roycroft,29,STL,NL,-0.6,0,0,,15.19,7,0,4,0,0,0,5.1,13,9,9,2,8,0,4,1,0,0,39,28,11.53,3.938,21.9,3.4,13.5,6.8,0.50,,roycrch01
431,Chris Roycroft,29,TBR,AL,-0.3,1,0,1.000,6.52,11,0,7,0,0,1,19.1,24,14,14,6,4,1,14,2,0,0,86,67,6.61,1.448,11.2,2.8,1.9,6.5,3.50,,roycrch01
431,Chris Roycroft,29,ATH,AL,0.2,0,0,,0.00,2,0,0,0,0,0,3.2,1,0,0,0,1,0,1,0,0,0,13,,3.37,0.545,2.5,0.0,2.5,2.5,1.00,,roycrch01
432,Brandon Williamson*,28,CIN,NL,-0.1,2,3,.400,6.11,6,6,0,0,0,0,28.0,26,19,19,4,20,0,19,3,0,1,128,69,6.06,1.643,8.4,1.3,6.4,6.1,0.95,,willibr02
433,Hunter Greene,26,CIN,NL,-0.4,2,2,.500,6.83,5,5,0,0,0,0,27.2,29,22,21,4,9,0,33,0,0,1,121,62,3.56,1.373,9.4,1.3,2.9,10.7,3.67,,greenhu01
434,Phil Maton,33,CHC,NL,-0.6,0,1,.000,6.18,31,0,4,0,0,0,27.2,34,19,19,5,16,0,31,5,0,1,136,69,5.48,1.807,11.1,1.6,5.2,10.1,1.94,,matonph01
435,Víctor Mederos,25,ATL,NL,0.6,4,1,.800,2.93,22,0,8,0,0,1,27.2,21,9,9,1,11,0,27,2,0,1,117,143,3.02,1.157,6.8,0.3,3.6,8.8,2.45,,medervi01
436,Samy Natera*,26,LAA,AL,0.9,1,1,.500,2.60,24,0,5,0,0,3,27.2,16,8,8,1,11,0,43,1,0,3,110,159,1.76,0.976,5.2,0.3,3.6,14.0,3.91,,natersa01
437,Connor Phillips,25,CIN,NL,-0.1,1,0,1.000,5.53,25,0,6,0,0,1,27.2,21,18,17,3,28,0,28,3,0,1,133,77,5.84,1.771,6.8,1.0,9.1,9.1,1.00,,phillco01
438,Ronel Blanco,32,HOU,AL,-0.3,0,1,.000,6.59,6,5,1,0,0,0,27.1,25,20,20,7,15,0,23,1,0,0,118,64,6.50,1.463,8.2,2.3,4.9,7.6,1.53,,blancro01
439,Nick Davila,27,SEA,AL,-0.1,0,0,,4.94,24,0,10,0,0,1,27.1,24,17,15,2,13,0,13,4,2,0,119,80,4.96,1.354,7.9,0.7,4.3,4.3,1.00,,davilni01
440,Tyler Davis,27,CHW,AL,0.3,2,3,.400,3.95,25,0,7,0,0,1,27.1,17,14,12,2,15,2,23,0,0,0,109,109,4.01,1.171,5.6,0.7,4.9,7.6,1.53,,davisty01
441,Matt Gage*,33,SFG,NL,-0.4,4,1,.800,5.60,34,0,5,0,0,1,27.1,28,18,17,6,17,0,22,1,0,0,126,71,6.31,1.646,9.2,2.0,5.6,7.2,1.29,,gagema01
442,Graham Ashcraft,28,CIN,NL,0.6,1,1,.500,3.33,26,0,5,0,0,1,27.0,17,11,10,2,16,1,32,0,0,2,109,127,3.46,1.222,5.7,0.7,5.3,10.7,2.00,,ashcrgr01
443,George Klassen,24,LAA,AL,0.4,2,2,.500,3.67,6,6,0,0,0,0,27.0,23,13,11,2,21,0,24,1,0,2,125,113,4.72,1.630,7.7,0.7,7.0,8.0,1.14,,klassge01
444,Cole Wilcox,26,SEA,AL,0.1,0,0,,4.00,23,0,8,0,0,0,27.0,27,13,12,2,17,1,28,2,0,1,123,99,4.09,1.630,9.0,0.7,5.7,9.3,1.65,,wilcoco01
445,Elmer Rodríguez,22,NYY,AL,0.0,0,3,.000,5.40,6,6,0,0,0,0,26.2,26,16,16,2,16,0,21,5,0,2,125,79,4.86,1.575,8.8,0.7,5.4,7.1,1.31,,rodriel03
446,Will Vest,31,DET,AL,-0.9,3,5,.375,6.08,27,0,9,0,0,2,26.2,28,22,18,2,10,0,27,2,0,1,116,71,3.39,1.425,9.5,0.7,3.4,9.1,2.70,,vestwi01
447,Cody Bradford*,28,TEX,AL,0.6,0,3,.000,3.42,5,5,0,0,0,0,26.1,34,10,10,1,6,0,13,1,0,0,114,115,3.40,1.519,11.6,0.3,2.1,4.4,2.17,,bradfco01
448,Jake Woodford,29,2TM,NL,-0.5,1,0,1.000,7.18,18,0,16,0,0,1,26.1,40,21,21,4,7,0,23,0,0,0,126,59,4.12,1.785,13.7,1.4,2.4,7.9,3.29,,woodfja01
448,Jake Woodford,29,MIL,NL,-0.3,1,0,1.000,6.94,16,0,14,0,0,1,23.1,34,18,18,3,7,0,20,0,0,0,112,60,3.95,1.757,13.1,1.2,2.7,7.7,2.86,,woodfja01
448,Jake Woodford,29,CHC,NL,-0.1,0,0,,9.00,2,0,2,0,0,0,3.0,6,3,3,1,0,0,3,0,0,0,14,52,5.43,2.000,18.0,3.0,0.0,9.0,,,woodfja01
449,Jalen Beeks*,32,TEX,AL,0.2,2,1,.667,3.81,29,0,3,0,0,0,26.0,28,11,11,6,8,1,21,0,0,0,113,103,5.40,1.385,9.7,2.1,2.8,7.3,2.63,,beeksja02
450,Alec Gamboa*,29,BOS,AL,0.8,1,0,1.000,1.04,15,2,10,0,0,1,26.0,17,4,3,1,7,0,18,1,0,0,100,399,3.13,0.923,5.9,0.3,2.4,6.2,2.57,,gamboal01
451,Luis Gastelum,24,STL,NL,-0.4,4,3,.571,4.85,23,0,6,0,0,0,26.0,22,18,14,5,9,0,32,1,0,1,107,82,4.29,1.192,7.6,1.7,3.1,11.1,3.56,,gastelu01
452,Alan Rangel,28,PHI,NL,0.0,0,3,.000,5.88,7,3,1,0,0,0,26.0,31,17,17,4,13,0,29,2,1,0,123,78,4.59,1.692,10.7,1.4,4.5,10.0,2.23,,rangeal01
453,Blake Snell*,33,LAD,NL,0.7,2,1,.667,2.42,5,5,0,0,0,0,26.0,16,8,7,0,12,0,36,1,0,1,109,172,1.82,1.077,5.5,0.0,4.2,12.5,3.00,,snellbl01
454,Robert Stock,36,NYM,NL,-0.2,1,3,.250,5.88,6,6,0,0,0,0,26.0,32,18,17,2,13,0,25,3,0,1,125,70,4.02,1.731,11.1,0.7,4.5,8.7,1.92,,stockro01
455,Ryan Weiss,29,HOU,AL,-0.8,0,3,.000,7.62,9,2,3,0,0,0,26.0,35,24,22,8,20,0,30,0,0,0,131,55,7.09,2.115,12.1,2.8,6.9,10.4,1.50,,weissry01
456,Jordan Romano,33,2TM,2LG,0.5,0,2,.000,4.50,30,0,25,0,0,14,26.0,23,13,13,1,14,1,30,1,0,1,116,106,3.02,1.423,8.0,0.3,4.8,10.4,2.14,,romanjo03
456,Jordan Romano,33,LAA,AL,-0.5,0,2,.000,10.13,11,0,9,0,0,4,8.0,11,9,9,1,6,0,12,1,0,1,42,42,4.34,2.125,12.4,1.1,6.8,13.5,2.00,,romanjo03
456,Jordan Romano,33,COL,NL,1.0,0,0,,2.00,19,0,16,0,0,10,18.0,12,4,4,0,8,1,18,0,0,0,74,249,2.43,1.111,6.0,0.0,4.0,9.0,2.25,,romanjo03
457,Ethan Roberts,28,CHC,NL,0.0,0,2,.000,4.21,23,0,5,0,0,0,25.2,22,14,12,3,14,0,17,3,0,0,110,101,5.27,1.403,7.7,1.1,4.9,6.0,1.21,,roberet01
458,Keegan Akin*,31,BAL,AL,-0.4,0,1,.000,5.68,24,2,3,0,0,0,25.1,29,18,16,3,9,0,17,0,0,0,114,74,4.36,1.500,10.3,1.1,3.2,6.0,1.89,,akinke01
459,Jonathan Hernández,29,LAD,NL,-0.1,0,0,,5.68,16,0,10,0,0,0,25.1,21,16,16,4,13,2,22,0,0,1,109,73,4.95,1.342,7.5,1.4,4.6,7.8,1.69,,hernajo02
460,Brant Hurter*,27,DET,AL,0.5,4,1,.800,2.84,21,0,4,0,0,0,25.1,15,9,8,1,12,1,18,1,0,0,101,152,3.72,1.066,5.3,0.4,4.3,6.4,1.50,,hurtebr01
461,Adam Macko*,25,2TM,AL,-0.1,2,0,1.000,5.33,25,1,5,0,0,0,25.1,30,15,15,3,12,3,26,4,0,1,117,84,4.47,1.658,10.7,1.1,4.3,9.2,2.17,,mackoad01
461,Adam Macko*,25,TOR,AL,0.0,2,0,1.000,4.91,22,1,4,0,0,0,22.0,24,12,12,3,10,3,23,3,0,1,99,91,4.55,1.545,9.8,1.2,4.1,9.4,2.30,,mackoad01
461,Adam Macko*,25,TEX,AL,-0.1,0,0,,8.10,3,0,1,0,0,0,3.1,6,3,3,0,2,0,3,1,0,0,18,54,3.99,2.400,16.2,0.0,5.4,8.1,1.50,,mackoad01
462,Daniel Duarte,29,NYM,NL,0.9,1,0,1.000,2.19,20,0,7,0,0,2,24.2,14,6,6,2,6,0,25,1,0,1,93,188,2.97,0.811,5.1,0.7,2.2,9.1,4.17,,duartda01
463,David Sandlin,25,CHW,AL,-0.3,2,1,.667,6.93,5,3,0,0,0,0,24.2,22,19,19,6,12,0,24,1,0,2,106,62,5.89,1.378,8.0,2.2,4.4,8.8,2.00,,sandlda01
464,Luis Mey,25,CIN,NL,0.4,0,0,,3.75,18,0,0,0,0,0,24.0,18,10,10,2,16,0,35,3,0,5,109,113,3.63,1.417,6.8,0.8,6.0,13.1,2.19,,meylu01
465,Connor Seabold,30,3TM,AL,-0.2,1,0,1.000,5.25,21,0,9,0,0,0,24.0,30,15,14,2,11,0,20,3,0,1,115,85,4.26,1.708,11.3,0.8,4.1,7.5,1.82,,seaboco01
465,Connor Seabold,30,DET,AL,0.2,1,0,1.000,3.45,11,0,5,0,0,0,15.2,17,6,6,2,5,0,14,1,0,0,69,126,4.11,1.404,9.8,1.1,2.9,8.0,2.80,,seaboco01
465,Connor Seabold,30,TOR,AL,-0.2,0,0,,8.10,5,0,2,0,0,0,3.1,6,3,3,0,2,0,1,0,0,1,18,60,4.29,2.400,16.2,0.0,5.4,2.7,0.50,,seaboco01
465,Connor Seabold,30,KCR,AL,-0.2,0,0,,9.00,5,0,2,0,0,0,5.0,7,6,5,0,4,0,5,2,0,0,28,49,4.69,2.200,12.6,0.0,7.2,9.0,1.25,,seaboco01
466,José Urquidy,31,2TM,2LG,-0.4,2,2,.500,5.63,9,1,5,0,0,1,24.0,31,19,15,3,6,0,20,2,0,0,110,79,4.05,1.542,11.6,1.1,2.3,7.5,3.33,,urquijo01
466,José Urquidy,31,PIT,NL,-0.6,0,1,.000,8.53,5,0,4,0,0,1,6.1,15,10,6,1,2,0,6,0,0,0,36,54,4.20,2.684,21.3,1.4,2.8,8.5,3.00,,urquijo01
466,José Urquidy,31,CHW,AL,0.2,2,1,.667,4.58,4,1,1,0,0,0,17.2,16,9,9,2,4,0,14,2,0,0,74,95,4.00,1.132,8.2,1.0,2.0,7.1,3.50,,urquijo01
467,Ryan Borucki*,32,SFG,NL,-0.1,1,1,.500,4.94,21,0,7,0,0,0,23.2,27,14,13,3,9,1,15,2,0,1,104,81,4.87,1.521,10.3,1.1,3.4,5.7,1.67,,borucry01
468,Jackson Jobe,23,DET,AL,0.1,1,2,.333,4.63,5,5,0,0,0,0,23.1,24,13,12,4,10,0,19,3,0,0,104,93,5.36,1.457,9.3,1.5,3.9,7.3,1.90,,jobeja01
469,David Morgan,26,SDP,NL,-0.2,2,1,.667,5.01,21,0,7,0,0,0,23.1,30,15,13,2,15,2,28,3,0,2,116,81,4.12,1.929,11.6,0.8,5.8,10.8,1.87,,morgada01
470,Beck Way,26,KCR,AL,0.0,1,1,.500,3.86,19,1,8,0,0,0,23.1,27,13,10,4,10,0,21,1,0,3,105,109,4.94,1.586,10.4,1.5,3.9,8.1,2.10,,waybe01
471,Scott Blewett,30,2TM,2LG,0.4,0,0,,2.70,15,0,5,0,0,0,23.1,23,9,7,0,8,1,20,0,0,2,99,168,2.41,1.329,8.9,0.0,3.1,7.7,2.50,,blewesc01
471,Scott Blewett,30,STL,NL,0.1,0,0,,0.00,1,0,1,0,0,0,2.0,1,0,0,0,2,0,2,0,0,0,9,,4.09,1.500,4.5,0.0,9.0,9.0,1.00,,blewesc01
471,Scott Blewett,30,ATH,AL,0.3,0,0,,2.95,14,0,4,0,0,0,21.1,22,9,7,0,6,1,18,0,0,2,90,154,2.25,1.313,9.3,0.0,2.5,7.6,3.00,,blewesc01
472,Cam Sanders,29,2TM,2LG,0.3,1,1,.500,5.40,21,0,9,0,0,3,23.1,17,14,14,1,17,1,28,3,0,1,105,81,3.82,1.457,6.6,0.4,6.6,10.8,1.65,,sandeca01
472,Cam Sanders,29,PIT,NL,-0.2,0,0,,8.68,9,0,4,0,0,0,9.1,9,9,9,1,10,0,13,1,0,1,48,53,5.24,2.036,8.7,1.0,9.6,12.5,1.30,,sandeca01
472,Cam Sanders,29,BAL,AL,0.5,1,1,.500,3.21,12,0,5,0,0,3,14.0,8,5,5,0,7,1,15,2,0,0,57,132,2.88,1.071,5.1,0.0,4.5,9.6,2.14,,sandeca01
473,Gavin Collyer,25,TEX,AL,-0.1,1,1,.500,5.09,23,0,10,0,0,0,23.0,15,14,13,1,19,1,22,6,0,1,105,78,5.01,1.478,5.9,0.4,7.4,8.6,1.16,,collyga01
474,Jonathan Pintaro,28,NYM,NL,0.2,2,1,.667,4.30,14,0,3,0,0,0,23.0,17,11,11,4,13,0,24,2,0,1,96,96,5.22,1.304,6.7,1.6,5.1,9.4,1.85,,pintajo01
475,Blake Treinen,38,LAD,NL,0.3,4,1,.800,3.52,29,0,5,0,0,1,23.0,21,9,9,2,10,2,25,1,0,0,100,118,3.48,1.348,8.2,0.8,3.9,9.8,2.50,,treinbl01
476,Seth Halvorsen,26,2TM,NL,0.3,1,1,.500,4.70,25,0,6,0,0,0,23.0,23,12,12,4,17,2,18,1,0,2,112,104,6.14,1.739,9.0,1.6,6.7,7.0,1.06,,halvose01
476,Seth Halvorsen,26,COL,NL,0.2,0,1,.000,4.74,21,0,4,0,0,0,19.0,22,10,10,3,15,1,17,0,0,2,96,105,5.72,1.947,10.4,1.4,7.1,8.1,1.13,,halvose01
476,Seth Halvorsen,26,LAD,NL,0.1,1,0,1.000,4.50,4,0,2,0,0,0,4.0,1,2,2,1,2,1,1,1,0,0,16,100,8.09,0.750,2.3,2.3,4.5,2.3,0.50,,halvose01
477,Andrew Nardi*,27,MIA,NL,-0.2,3,3,.500,5.16,25,0,4,0,0,0,22.2,21,13,13,4,11,0,27,1,0,1,99,78,4.59,1.412,8.3,1.6,4.4,10.7,2.45,,nardian01
478,Taijuan Walker,33,PHI,NL,-0.7,1,4,.200,9.13,5,4,0,0,0,0,22.2,36,25,23,8,11,0,17,1,0,0,115,50,7.77,2.074,14.3,3.2,4.4,6.8,1.55,,walketa01
479,Sean Sullivan*,23,COL,NL,-0.4,0,3,.000,8.87,5,5,0,0,0,0,22.1,34,22,22,5,11,0,16,3,1,0,114,56,6.45,2.015,13.7,2.0,4.4,6.4,1.45,,sullise01
480,José Cabrera,24,ARI,NL,0.0,0,3,.000,5.32,5,5,0,0,0,0,22.0,23,13,13,4,8,0,16,3,1,0,99,80,5.50,1.409,9.4,1.6,3.3,6.5,2.00,,cabrejo03
481,Danny Coulombe*,36,BOS,AL,-0.1,0,2,.000,4.50,29,0,4,0,0,0,22.0,18,11,11,1,15,0,10,1,0,0,96,92,4.96,1.500,7.4,0.4,6.1,4.1,0.67,,couloda01
482,Ryan Fernandez,28,STL,NL,-0.2,1,2,.333,3.68,16,0,5,0,0,0,22.0,19,14,9,2,10,0,26,0,0,3,96,108,3.27,1.318,7.8,0.8,4.1,10.6,2.60,,fernary01
483,Justin Topa,35,2TM,AL,-0.6,0,1,.000,6.95,25,0,9,0,0,2,22.0,31,19,17,4,12,0,15,2,0,1,108,63,6.00,1.955,12.7,1.6,4.9,6.1,1.25,,topaju01
483,Justin Topa,35,MIN,AL,-0.7,0,1,.000,8.05,23,0,8,0,0,2,19.0,27,18,17,4,11,0,12,1,0,1,92,53,6.46,2.000,12.8,1.9,5.2,5.7,1.09,,topaju01
483,Justin Topa,35,NYY,AL,0.1,0,0,,0.00,2,0,1,0,0,0,3.0,4,1,0,0,1,0,3,1,0,0,16,,3.09,1.667,12.0,0.0,3.0,9.0,3.00,,topaju01
484,Luis Gil,28,NYY,AL,-0.1,1,2,.333,5.91,5,4,0,0,0,0,21.1,16,14,14,6,12,0,12,4,0,2,95,73,7.87,1.313,6.8,2.5,5.1,5.1,1.00,,gillu01
485,Brenan Hanifee,28,DET,AL,0.0,0,1,.000,5.06,23,2,7,0,0,0,21.1,24,12,12,5,7,1,10,1,0,0,93,85,6.33,1.453,10.1,2.1,3.0,4.2,1.43,,hanifbr01
486,Seth Johnson,27,2TM,2LG,-0.4,1,0,1.000,7.29,21,0,7,0,0,0,21.0,25,19,17,3,17,0,26,1,0,1,106,64,5.05,2.000,10.7,1.3,7.3,11.1,1.53,,johnsse01
486,Seth Johnson,27,PHI,NL,-0.2,1,0,1.000,5.51,16,0,4,0,0,0,16.1,15,12,10,1,14,0,20,1,0,1,80,84,4.20,1.776,8.3,0.6,7.7,11.0,1.43,,johnsse01
486,Seth Johnson,27,ATH,AL,-0.3,0,0,,13.50,5,0,3,0,0,0,4.2,10,7,7,2,3,0,6,0,0,0,26,35,8.02,2.786,19.3,3.9,5.8,11.6,2.00,,johnsse01
487,Blas Castaño,27,COL,NL,0.4,1,0,1.000,3.92,10,0,2,0,0,0,20.2,22,9,9,4,6,0,17,2,0,0,85,127,5.13,1.355,9.6,1.7,2.6,7.4,2.83,,castabl01
488,Kohl Drake*,25,ARI,NL,-0.3,0,1,.000,6.53,5,5,0,0,0,0,20.2,24,15,15,5,7,0,17,4,0,0,95,65,6.19,1.500,10.5,2.2,3.0,7.4,2.43,,drakeko01
489,Brendon Little*,29,TOR,AL,-0.9,0,3,.000,8.27,22,0,3,0,0,0,20.2,26,21,19,5,20,5,32,0,0,0,101,54,6.04,2.226,11.3,2.2,8.7,13.9,1.60,,littlbr02
490,Peyton Pallette,25,CLE,AL,-0.1,1,2,.333,5.23,16,0,8,0,0,0,20.2,17,13,12,2,16,0,22,3,0,2,97,80,4.98,1.597,7.4,0.9,7.0,9.6,1.38,,pallepe01
491,Bennett Sousa*,31,HOU,AL,-0.5,1,3,.250,6.53,24,1,3,0,0,0,20.2,26,17,15,3,13,0,22,0,1,1,99,64,4.74,1.887,11.3,1.3,5.7,9.6,1.69,,sousabe01
492,Mick Abel,24,MIN,AL,0.4,1,2,.333,3.98,4,3,0,0,0,0,20.1,22,9,9,0,10,1,23,3,0,0,93,108,2.75,1.574,9.7,0.0,4.4,10.2,2.30,,abelmi01
493,Jose Franco,25,CIN,NL,0.1,1,0,1.000,4.43,10,0,4,0,0,0,20.1,19,11,10,3,16,0,15,0,0,0,93,96,5.90,1.721,8.4,1.3,7.1,6.6,0.94,,francjo02
494,Tyler Samaniego*,27,BOS,AL,0.3,0,3,.000,2.66,20,1,6,0,0,0,20.1,22,8,6,1,8,0,17,2,0,0,90,157,3.54,1.475,9.7,0.4,3.5,7.5,2.13,,samanty01
495,Carson Seymour,27,SFG,NL,-0.1,0,1,.000,4.43,13,0,3,0,0,1,20.1,22,11,10,3,9,0,16,1,0,4,90,91,4.91,1.525,9.7,1.3,4.0,7.1,1.78,,seymoca01
496,Josh Walker*,31,BAL,AL,0.5,1,0,1.000,2.21,20,0,4,0,0,0,20.1,20,6,5,2,6,1,19,1,0,0,86,190,3.54,1.279,8.9,0.9,2.7,8.4,3.17,,walkejo03
497,Shaun Anderson,31,LAA,AL,-0.6,2,0,1.000,7.65,12,0,4,0,0,0,20.0,25,19,17,4,10,0,17,1,0,1,93,54,5.64,1.750,11.3,1.8,4.5,7.7,1.70,,andersh01
498,Kyle Backhus*,28,PHI,NL,0.1,2,1,.667,4.95,21,1,5,0,0,0,20.0,25,12,11,3,6,0,20,2,0,1,94,93,4.24,1.550,11.3,1.4,2.7,9.0,3.33,,backhky01
499,Cody Bolton,28,HOU,AL,0.0,0,1,.000,5.40,8,3,4,0,0,1,20.0,21,12,12,3,14,0,22,1,0,0,95,78,5.09,1.750,9.5,1.4,6.3,9.9,1.57,,boltoco01
500,Riley Cornelio,26,WSN,NL,-0.5,2,1,.667,5.40,11,0,3,0,0,0,20.0,17,17,12,1,20,0,20,0,0,2,96,80,4.74,1.850,7.7,0.5,9.0,9.0,1.00,,corneri01
501,Yerry de los Santos,28,NYY,AL,0.3,1,0,1.000,1.35,15,0,3,0,0,0,20.0,16,7,3,2,8,1,15,0,0,0,84,318,4.09,1.200,7.2,0.9,3.6,6.8,1.88,,delosye01
502,Daniel Palencia,26,CHC,NL,-0.1,2,2,.500,4.95,23,0,13,0,0,3,20.0,22,11,11,4,7,1,24,1,1,0,88,86,4.49,1.450,9.9,1.8,3.2,10.8,3.43,,palenda01
503,Quinn Mathews*,25,STL,NL,0.0,1,2,.333,5.03,4,4,0,0,0,0,19.2,23,11,11,1,8,0,20,1,0,0,89,79,3.09,1.576,10.5,0.5,3.7,9.2,2.50,,mathequ01
504,Hunter Bigge,28,TBR,AL,-0.8,1,1,.500,6.98,18,0,2,0,0,0,19.1,14,17,15,1,14,1,14,0,0,0,85,63,4.49,1.448,6.5,0.5,6.5,6.5,1.00,,biggehu01
505,Drey Jameson,28,ARI,NL,0.0,0,0,,5.12,12,0,8,0,0,0,19.1,19,11,11,1,10,0,13,1,0,1,86,83,4.13,1.500,8.8,0.5,4.7,6.1,1.30,,jamesdr01
506,Jackson Kent*,23,WSN,NL,0.0,1,2,.333,5.59,4,4,0,0,0,0,19.1,18,12,12,1,15,0,17,0,0,0,88,78,4.33,1.707,8.4,0.5,7.0,7.9,1.13,,kentja01
507,Nick Mears,29,KCR,AL,-0.2,2,3,.400,5.12,21,0,2,0,0,0,19.1,18,11,11,2,11,1,15,0,0,1,83,82,4.59,1.500,8.4,0.9,5.1,7.0,1.36,,mearsni01
508,Eli Morgan,30,KCR,AL,0.0,0,1,.000,5.12,16,0,9,0,0,1,19.1,24,11,11,5,9,0,16,2,0,0,91,82,6.51,1.707,11.2,2.3,4.2,7.4,1.78,,morgael01
509,Joe Boyle,26,TBR,AL,-0.2,0,1,.000,5.21,4,3,1,0,0,0,19.0,13,13,11,1,9,0,21,0,0,1,81,84,2.99,1.158,6.2,0.5,4.3,9.9,2.33,,boylejo01
510,Josh Ekness,24,MIA,NL,0.1,1,2,.333,2.84,18,0,5,0,0,1,19.0,14,9,6,2,9,0,14,1,0,2,79,141,4.57,1.211,6.6,0.9,4.3,6.6,1.56,,eknesjo01
511,Joe Mantiply*,35,TOR,AL,0.4,1,0,1.000,2.84,18,0,4,0,0,0,19.0,19,6,6,2,4,0,17,1,0,0,78,158,3.46,1.211,9.0,0.9,1.9,8.1,4.25,,mantijo01
512,Brock Stewart,34,LAD,NL,0.5,0,1,.000,1.89,19,0,3,0,0,1,19.0,9,5,4,2,8,2,18,0,0,0,72,221,3.83,0.895,4.3,0.9,3.8,8.5,2.25,,stewabr01
513,Franco Aleman,26,CLE,AL,0.3,0,0,,3.38,18,0,2,0,0,0,18.2,19,7,7,2,8,0,22,2,0,1,82,125,3.74,1.446,9.2,1.0,3.9,10.6,2.75,,alemafr01
514,Coleman Crow,25,MIL,NL,-0.2,0,1,.000,5.30,5,4,1,0,0,0,18.2,21,13,11,2,6,1,10,1,0,0,85,79,4.54,1.446,10.1,1.0,2.9,4.8,1.67,,crowco01
515,Jordan Leasure,27,CHW,AL,-0.3,2,1,.667,6.27,18,1,2,0,0,0,18.2,15,14,13,6,8,1,18,0,1,1,78,69,6.63,1.232,7.2,2.9,3.9,8.7,2.25,,leasujo01
516,Tyler Ferguson,32,2TM,2LG,0.0,0,1,.000,5.30,18,0,6,0,0,0,18.2,15,11,11,6,4,0,21,3,0,0,78,82,6.15,1.018,7.2,2.9,1.9,10.1,5.25,,ferguty01
516,Tyler Ferguson,32,ATH,AL,-0.1,0,0,,27.00,1,0,1,0,0,0,1.1,4,4,4,2,0,0,1,0,0,0,8,21,21.09,3.000,27.0,13.5,0.0,6.8,,,ferguty01
516,Tyler Ferguson,32,CHC,NL,0.2,0,1,.000,3.63,17,0,5,0,0,0,17.1,11,7,7,4,4,0,20,3,0,0,70,118,5.00,0.865,5.7,2.1,2.1,10.4,5.00,,ferguty01
517,Osvaldo Bido,30,2TM,2LG,-0.2,2,0,1.000,6.27,11,0,6,0,0,1,18.2,15,13,13,3,10,0,11,4,0,4,81,70,6.25,1.339,7.2,1.4,4.8,5.3,1.10,,bidoos01
517,Osvaldo Bido,30,ATL,NL,-0.1,1,0,1.000,6.30,6,0,4,0,0,1,10.0,7,7,7,1,5,0,6,2,0,4,41,68,5.29,1.200,6.3,0.9,4.5,5.4,1.20,,bidoos01
517,Osvaldo Bido,30,CHW,AL,-0.1,1,0,1.000,6.23,5,0,2,0,0,0,8.2,8,6,6,2,5,0,5,2,0,0,40,71,7.36,1.500,8.3,2.1,5.2,5.2,1.00,,bidoos01
518,Jason Alexander,33,HOU,AL,-0.5,1,1,.500,9.33,4,2,1,0,0,0,18.1,21,19,19,4,8,0,14,1,0,0,84,45,5.87,1.582,10.3,2.0,3.9,6.9,1.75,,alexaja01
519,Xzavion Curry,27,NYM,NL,0.3,0,0,,3.44,8,0,6,0,0,0,18.1,16,7,7,3,8,0,12,1,0,1,78,121,5.38,1.309,7.9,1.5,3.9,5.9,1.50,,curryxz01
520,Trevor Williams,34,2TM,2LG,0.3,0,0,,3.93,9,0,5,0,0,0,18.1,19,8,8,3,7,0,23,2,0,0,81,112,4.18,1.418,9.3,1.5,3.4,11.3,3.29,,willitr01
520,Trevor Williams,34,TEX,AL,-0.1,0,0,,20.25,1,0,0,0,0,0,1.1,4,3,3,1,1,0,1,1,0,0,10,25,15.84,3.750,27.0,6.8,6.8,6.8,1.00,,willitr01
520,Trevor Williams,34,WSN,NL,0.4,0,0,,2.65,8,0,5,0,0,0,17.0,15,5,5,2,6,0,22,1,0,0,71,165,3.27,1.235,7.9,1.1,3.2,11.6,3.67,,willitr01
521,Hunter Barco*,25,PIT,NL,-0.6,0,1,.000,7.64,7,0,2,0,0,0,17.2,21,17,15,4,13,0,14,2,0,1,87,59,7.00,1.925,10.7,2.0,6.6,7.1,1.08,,barcohu01
522,Evan Phillips,31,LAD,NL,0.0,2,2,.500,4.08,22,0,5,0,0,0,17.2,18,9,8,4,5,2,21,0,0,1,75,103,4.51,1.302,9.2,2.0,2.5,10.7,4.20,,phillev01
523,AJ Smith-Shawver,23,ATL,NL,-0.3,0,1,.000,7.13,4,4,0,0,0,0,17.2,20,14,14,2,11,0,15,0,0,0,84,59,4.73,1.755,10.2,1.0,5.6,7.6,1.36,,smithaj01
524,Gerardo Carrillo,27,ARI,NL,0.5,3,1,.750,2.65,12,0,2,0,0,0,17.0,12,6,5,0,15,1,20,0,0,1,76,162,3.39,1.588,6.4,0.0,7.9,10.6,1.33,,carrige01
525,Max Kranick,28,WSN,NL,-0.4,0,1,.000,7.41,16,0,6,0,0,0,17.0,23,14,14,3,10,0,10,1,0,2,83,59,6.15,1.941,12.2,1.6,5.3,5.3,1.00,,kranima01
526,Burch Smith,36,DET,AL,0.1,0,2,.000,3.18,13,1,4,0,0,0,17.0,18,8,6,2,7,0,20,0,0,0,73,137,3.50,1.471,9.5,1.1,3.7,10.6,2.86,,smithbu03
527,Matt Brash,28,SEA,AL,1.0,3,0,1.000,0.54,20,0,1,0,0,0,16.2,8,2,1,0,6,1,15,3,0,1,64,743,2.91,0.840,4.3,0.0,3.2,8.1,2.50,,brashma01
528,Carlos Carrasco,39,ATL,NL,-0.2,0,0,,5.94,8,0,6,0,0,0,16.2,21,11,11,3,3,0,7,2,0,0,73,71,5.49,1.440,11.3,1.6,1.6,3.8,2.33,,carraca01
529,Angel Chivilli,23,NYY,AL,0.1,1,1,.500,3.78,15,0,3,0,0,0,16.2,14,9,7,4,7,0,16,1,0,1,73,114,5.73,1.260,7.6,2.2,3.8,8.6,2.29,,chivian01
530,Cody Laweryson,28,MIN,AL,-0.2,1,0,1.000,4.86,15,0,7,0,0,1,16.2,15,12,9,3,8,0,18,2,0,0,78,89,5.07,1.380,8.1,1.6,4.3,9.7,2.25,,lawerco01
531,Aaron Bummer*,32,2TM,2LG,-1.3,1,2,.333,10.26,21,0,3,0,0,0,16.2,24,21,19,7,11,0,13,1,0,0,88,42,9.15,2.100,13.0,3.8,5.9,7.0,1.18,,bummeaa01
531,Aaron Bummer*,32,ATL,NL,-0.8,1,1,.500,7.63,19,0,3,0,0,0,15.1,18,15,13,6,10,0,13,1,0,0,77,56,8.64,1.826,10.6,3.5,5.9,7.6,1.30,,bummeaa01
531,Aaron Bummer*,32,KCR,AL,-0.5,0,1,.000,40.50,2,0,0,0,0,0,1.1,6,6,6,1,1,0,0,0,0,0,11,13,15.09,5.250,40.5,6.8,6.8,0.0,0.00,,bummeaa01
532,Tom Cosgrove*,30,WSN,NL,-1.1,1,2,.333,7.71,18,0,4,0,0,1,16.1,18,16,14,3,6,0,14,2,0,0,74,57,5.24,1.469,9.9,1.7,3.3,7.7,2.33,,cosgrto01
533,Zack Kelly,31,BOS,AL,0.0,0,2,.000,3.31,17,0,5,0,0,0,16.1,14,8,6,1,7,0,14,1,0,1,71,126,3.64,1.286,7.7,0.6,3.9,7.7,2.00,,kellyza01
534,Carson Palmquist*,25,WSN,NL,-0.4,0,2,.000,7.71,11,6,3,0,0,0,16.1,21,14,14,1,8,0,15,3,0,0,78,57,4.07,1.776,11.6,0.6,4.4,8.3,1.88,,palmqca01
535,Reiver Sanmartín*,30,SFG,NL,-0.1,2,0,1.000,4.41,16,0,5,0,0,0,16.1,16,9,8,3,4,1,14,0,0,0,68,91,4.50,1.224,8.8,1.7,2.2,7.7,3.50,,sanmare01
536,Jayden Murray,29,2TM,2LG,-0.5,0,0,,9.37,10,0,4,0,0,0,16.1,25,17,17,3,9,0,14,0,0,0,79,46,5.42,2.082,13.8,1.7,5.0,7.7,1.56,,murraja01
536,Jayden Murray,29,HOU,AL,-0.2,0,0,,7.43,8,0,2,0,0,0,13.1,19,11,11,1,7,0,8,0,0,0,62,57,4.44,1.950,12.8,0.7,4.7,5.4,1.14,,murraja01
536,Jayden Murray,29,CHC,NL,-0.2,0,0,,18.00,2,0,2,0,0,0,3.0,6,6,6,2,2,0,6,0,0,0,17,26,9.76,2.667,18.0,6.0,6.0,18.0,3.00,,murraja01
537,Dietrich Enns*,35,BAL,AL,0.1,3,0,1.000,3.94,13,0,3,0,0,0,16.0,13,8,7,0,11,0,13,0,0,1,70,107,3.53,1.500,7.3,0.0,6.2,7.3,1.18,,ennsdi01
538,Dax Fulton*,24,MIA,NL,0.0,1,0,1.000,4.50,8,0,5,0,0,0,16.0,11,8,8,0,11,0,14,0,0,1,66,90,3.41,1.375,6.2,0.0,6.2,7.9,1.27,,fultoda01
539,Luis Morales,23,ATH,AL,-1.1,0,2,.000,13.50,5,2,2,0,0,0,16.0,27,26,24,7,14,0,13,1,1,1,90,34,9.97,2.563,15.2,3.9,7.9,7.3,0.93,,morallu01
540,Nick Pivetta,33,SDP,NL,0.1,1,2,.333,4.50,4,4,0,0,0,0,16.0,12,8,8,0,6,0,24,0,0,0,66,91,1.22,1.125,6.8,0.0,3.4,13.5,4.00,,pivetni01
541,Hayden Juenger,25,2TM,AL,-0.4,0,1,.000,9.00,15,0,2,0,0,0,16.0,24,16,16,0,8,0,6,1,0,0,81,52,4.03,2.000,13.5,0.0,4.5,3.4,0.75,,juengha01
541,Hayden Juenger,25,TOR,AL,-0.1,0,0,,13.50,2,0,1,0,0,0,2.0,2,3,3,0,2,0,0,0,0,0,10,38,6.09,2.000,9.0,0.0,9.0,0.0,0.00,,juengha01
541,Hayden Juenger,25,ATH,AL,-0.3,0,1,.000,8.36,13,0,1,0,0,0,14.0,22,13,13,0,6,0,6,1,0,0,71,55,3.74,2.000,14.1,0.0,3.9,3.9,1.00,,juengha01
542,Brandan Bidois,25,PIT,NL,-0.5,0,0,,6.32,15,0,5,0,0,0,15.2,19,16,11,5,12,0,20,1,0,3,80,71,7.18,1.979,10.9,2.9,6.9,11.5,1.67,,bidoibr01
543,Tayler Saucedo*,33,LAA,AL,0.3,0,1,.000,3.45,19,0,0,0,0,0,15.2,14,6,6,1,3,0,18,1,0,1,63,121,2.39,1.085,8.0,0.6,1.7,10.3,6.00,,sauceta01
544,Connor Brogdon,31,CLE,AL,-0.4,2,2,.500,5.28,15,0,4,0,0,1,15.1,14,12,9,5,3,0,14,0,0,2,67,80,6.09,1.109,8.2,2.9,1.8,8.2,4.67,,brogdco01
545,Jason Foley,30,SFG,NL,0.0,1,1,.500,4.11,15,0,5,0,0,0,15.1,18,8,7,1,5,1,12,0,0,2,68,98,3.35,1.500,10.6,0.6,2.9,7.0,2.40,,foleyja01
546,Ryan Helsley,31,BAL,AL,-0.1,0,4,.000,4.11,17,0,14,0,0,8,15.1,13,9,7,3,9,1,21,0,0,3,68,103,4.66,1.435,7.6,1.8,5.3,12.3,2.33,,helslry01
547,Ben Peoples,25,TEX,AL,0.2,0,1,.000,2.93,15,0,6,0,0,0,15.1,13,5,5,3,6,0,9,1,0,0,62,136,5.83,1.239,7.6,1.8,3.5,5.3,1.50,,peoplbe01
548,Alimber Santa,23,HOU,AL,0.3,0,1,.000,1.17,10,0,4,0,0,0,15.1,8,6,2,1,6,0,9,0,1,0,59,360,3.94,0.913,4.7,0.6,3.5,5.3,1.50,,santaal01
549,José Cuas,32,KCR,AL,0.4,0,0,,1.80,14,0,5,0,0,0,15.0,16,3,3,0,9,1,16,0,0,2,67,235,2.76,1.667,9.6,0.0,5.4,9.6,1.78,,cuasjo01
550,Luis García,39,2TM,2LG,-0.6,0,1,.000,9.00,15,0,10,0,0,2,15.0,23,16,15,2,6,0,6,1,0,0,74,48,5.43,1.933,13.8,1.2,3.6,3.6,1.00,,garcilu03
550,Luis García,39,NYM,NL,-0.2,0,0,,7.11,6,0,3,0,0,0,6.1,11,6,5,0,2,0,4,0,0,0,32,61,2.78,2.053,15.6,0.0,2.8,5.7,2.00,,garcilu03
550,Luis García,39,MIN,AL,-0.4,0,1,.000,10.38,9,0,7,0,0,2,8.2,12,10,10,2,4,0,2,1,0,0,42,42,7.36,1.846,12.5,2.1,4.2,2.1,0.50,,garcilu03
551,Kade Morris,24,ATH,AL,-0.4,0,1,.000,9.82,5,1,3,0,0,0,14.2,25,16,16,4,6,0,10,2,0,1,75,47,6.91,2.114,15.3,2.5,3.7,6.1,1.67,,morrika01
552,Philip Abner*,24,ARI,NL,-0.1,0,0,,6.28,8,0,2,0,0,0,14.1,14,10,10,2,8,0,6,0,0,1,64,68,5.74,1.535,8.8,1.3,5.0,3.8,0.75,,abnerph01
553,Logan Allen*,27,CLE,AL,-0.1,0,0,,3.77,6,1,3,0,0,0,14.1,17,9,6,3,4,0,15,2,0,0,67,112,4.98,1.465,10.7,1.9,2.5,9.4,3.75,,allenlo02
554,Gavin Hollowell,28,CHC,NL,0.2,0,0,,2.51,14,0,2,0,0,1,14.1,11,5,4,2,8,0,13,1,0,2,62,171,4.98,1.326,6.9,1.3,5.0,8.2,1.63,,holloga01
555,Trevor Martin,25,2TM,AL,-0.2,0,1,.000,4.40,7,0,3,0,0,0,14.1,18,11,7,4,6,0,8,2,0,3,66,102,7.28,1.674,11.3,2.5,3.8,5.0,1.33,,martitr01
555,Trevor Martin,25,TBR,AL,-0.2,0,0,,3.97,6,0,2,0,0,0,11.1,14,8,5,4,4,0,7,2,0,2,54,112,8.03,1.588,11.1,3.2,3.2,5.6,1.75,,martitr01
555,Trevor Martin,25,LAA,AL,-0.1,0,1,.000,6.00,1,0,1,0,0,0,3.0,4,3,2,0,2,0,1,0,0,1,12,77,4.43,2.000,12.0,0.0,6.0,3.0,0.50,,martitr01
556,Anthony Molina,24,2TM,NL,0.2,2,0,1.000,3.77,5,1,2,0,0,0,14.1,13,7,6,2,2,0,9,0,0,0,56,112,4.07,1.047,8.2,1.3,1.3,5.7,4.50,,molinan01
556,Anthony Molina,24,ATL,NL,-0.1,0,0,,5.40,3,0,2,0,0,0,5.0,6,4,3,1,1,0,2,0,0,0,21,82,5.49,1.400,10.8,1.8,1.8,3.6,2.00,,molinan01
556,Anthony Molina,24,SFG,NL,0.3,2,0,1.000,2.89,2,1,0,0,0,0,9.1,7,3,3,1,1,0,7,0,0,0,35,142,3.31,0.857,6.8,1.0,1.0,6.8,7.00,,molinan01
557,Zak Kent,28,2TM,2LG,-0.3,0,0,,6.28,10,0,7,0,0,0,14.1,18,13,10,3,7,0,11,0,0,0,69,71,5.74,1.744,11.3,1.9,4.4,6.9,1.57,,kentza01
557,Zak Kent,28,MIN,AL,-0.2,0,0,,4.91,2,0,0,0,0,0,3.2,4,5,2,2,5,0,2,0,0,0,20,94,13.18,2.455,9.8,4.9,12.3,4.9,0.40,,kentza01
557,Zak Kent,28,WSN,NL,-0.1,0,0,,6.75,8,0,7,0,0,0,10.2,14,8,8,1,2,0,9,0,0,0,49,65,3.19,1.500,11.8,0.8,1.7,7.6,4.50,,kentza01
558,Tristan Beck,30,SFG,NL,-0.2,0,0,,7.07,11,0,7,0,0,1,14.0,17,11,11,2,5,0,6,1,0,1,64,57,5.38,1.571,10.9,1.3,3.2,3.9,1.20,,becktr01
559,Chris Martin,40,TEX,AL,-0.8,1,1,.500,9.00,16,0,6,0,0,0,14.0,25,15,14,4,2,0,9,1,1,1,66,44,6.16,1.929,16.1,2.6,1.3,5.8,4.50,,martich02
560,Peter Strzelecki,31,STL,NL,-0.2,1,1,.500,5.79,8,0,3,0,0,0,14.0,13,9,9,1,6,0,8,2,1,0,61,69,4.59,1.357,8.4,0.6,3.9,5.1,1.33,,strzepe01
561,Edwin Díaz,32,LAD,NL,-1.3,2,2,.500,11.85,16,0,12,0,0,7,13.2,25,18,18,3,10,2,19,3,0,1,79,36,6.02,2.561,16.5,2.0,6.6,12.5,1.90,,diazed04
562,Cole Henry,26,WSN,NL,-0.5,0,2,.000,7.90,11,0,8,0,0,0,13.2,17,14,12,4,7,0,15,3,0,1,70,55,6.90,1.756,11.2,2.6,4.6,9.9,2.14,,henryco01
563,Brett Kerry,27,LAA,AL,0.2,0,0,,3.95,3,0,2,0,0,0,13.2,11,6,6,1,2,0,12,0,0,0,54,106,2.73,0.951,7.2,0.7,1.3,7.9,6.00,,kerrybr01
564,Geoff Hartlieb,32,ATH,AL,0.0,1,1,.500,6.08,8,0,4,0,0,0,13.1,17,9,9,1,9,0,6,0,0,4,64,75,5.19,1.950,11.5,0.7,6.1,4.1,0.67,,hartlge01
565,Lázaro Estrada,27,TOR,AL,0.0,1,1,.500,5.54,8,0,4,0,0,1,13.0,8,9,8,2,10,1,9,1,1,1,57,82,6.25,1.385,5.5,1.4,6.9,6.2,0.90,,estrala01
566,Zach Maxwell,25,CIN,NL,-0.4,0,1,.000,8.31,12,0,5,0,0,1,13.0,18,12,12,3,10,0,12,0,0,2,67,52,6.55,2.154,12.5,2.1,6.9,8.3,1.20,,maxweza01
567,Ethan Pecko,23,HOU,AL,-0.2,1,0,1.000,6.23,3,3,0,0,0,0,13.0,11,10,9,4,9,0,9,1,0,0,58,68,8.02,1.538,7.6,2.8,6.2,6.2,1.00,,peckoet01
568,Charlie Barnes*,30,2TM,NL,-0.2,0,1,.000,6.92,5,0,5,0,0,0,13.0,17,11,10,3,7,0,6,1,0,0,63,63,7.02,1.846,11.8,2.1,4.8,4.2,0.86,,barnech01
568,Charlie Barnes*,30,CHC,NL,-0.1,0,0,,9.00,1,0,1,0,0,0,3.0,4,4,3,0,3,0,1,1,0,0,17,52,6.43,2.333,12.0,0.0,9.0,3.0,0.33,,barnech01
568,Charlie Barnes*,30,LAD,NL,-0.1,0,1,.000,6.30,4,0,4,0,0,0,10.0,13,7,7,3,4,0,5,0,0,0,46,68,7.19,1.700,11.7,2.7,3.6,4.5,1.25,,barnech01
569,Angel Zerpa*,26,MIL,NL,-0.8,0,2,.000,6.39,12,0,3,0,0,2,12.2,16,11,9,2,6,0,8,0,0,1,55,66,5.30,1.737,11.4,1.4,4.3,5.7,1.33,,zerpaan01
570,Connor Thomas*,28,2TM,2LG,-0.5,1,1,.500,12.08,7,0,0,0,0,0,12.2,20,17,17,4,7,0,8,2,0,0,66,36,8.07,2.132,14.2,2.8,5.0,5.7,1.14,,thomaco02
570,Connor Thomas*,28,ATL,NL,-0.6,0,1,.000,21.32,2,0,0,0,0,0,6.1,15,15,15,4,6,0,4,0,0,0,40,21,12.88,3.316,21.3,5.7,8.5,5.7,0.67,,thomaco02
570,Connor Thomas*,28,KCR,AL,0.1,1,0,1.000,2.84,5,0,0,0,0,0,6.1,5,2,2,0,1,0,4,2,0,0,26,154,3.25,0.947,7.1,0.0,1.4,5.7,4.00,,thomaco02
571,Raymond Burgos*,27,BOS,AL,-0.1,0,0,,5.84,4,0,4,0,0,1,12.1,11,8,8,2,1,0,7,0,0,0,48,72,4.31,0.973,8.0,1.5,0.7,5.1,7.00,,burgora01
572,William Kempner,25,MIA,NL,0.2,1,0,1.000,2.92,9,0,3,0,0,0,12.1,8,4,4,1,4,0,14,2,0,0,50,139,3.34,0.973,5.8,0.7,2.9,10.2,3.50,,kempnwi01
573,Luke Murphy,26,LAA,AL,0.5,0,1,.000,1.46,12,0,2,0,0,0,12.1,5,3,2,0,8,0,12,1,0,0,47,289,3.34,1.054,3.6,0.0,5.8,8.8,1.50,,murphlu01
574,Danny Young*,32,ATL,NL,-0.5,0,1,.000,8.03,16,1,3,0,0,0,12.1,15,11,11,3,13,2,15,3,0,1,65,53,7.71,2.270,10.9,2.2,9.5,10.9,1.15,,youngda02
575,Jack Anderson,26,2TM,AL,0.4,1,0,1.000,2.19,7,0,5,0,0,1,12.1,10,3,3,1,3,0,12,0,0,0,48,200,2.93,1.054,7.3,0.7,2.2,8.8,4.00,,anderja02
575,Jack Anderson,26,BOS,AL,0.1,0,0,,3.38,3,0,1,0,0,0,8.0,8,3,3,1,2,0,6,0,0,0,32,127,3.97,1.250,9.0,1.1,2.3,6.8,3.00,,anderja02
575,Jack Anderson,26,MIN,AL,0.3,1,0,1.000,0.00,4,0,4,0,0,1,4.1,2,0,0,0,1,0,6,0,0,0,16,,1.02,0.692,4.2,0.0,2.1,12.5,6.00,,anderja02
576,Trent Harris,27,SFG,NL,0.1,0,0,,3.75,10,0,1,0,0,0,12.0,11,5,5,0,6,0,17,0,0,0,52,108,1.76,1.417,8.3,0.0,4.5,12.8,2.83,,harritr01
577,Jordan Montgomery*,33,TEX,AL,-0.2,0,0,,6.75,6,0,2,0,0,0,12.0,14,9,9,3,2,0,10,0,0,0,52,59,5.18,1.333,10.5,2.3,1.5,7.5,5.00,,montgjo01
578,Cole Sands,28,MIN,AL,-0.4,1,1,.500,8.25,13,0,6,0,0,1,12.0,15,11,11,3,5,0,11,1,0,1,56,53,6.01,1.667,11.3,2.3,3.8,8.3,2.20,,sandsco01
579,Keegan Thompson,31,COL,NL,-0.2,0,0,,8.25,5,0,1,0,0,0,12.0,19,11,11,1,2,0,11,0,0,3,57,61,2.84,1.750,14.3,0.8,1.5,8.3,5.50,,thompke02
580,Sammy Peralta*,28,2TM,2LG,-0.3,0,1,.000,7.50,10,1,5,0,0,0,12.0,17,10,10,3,5,0,17,3,0,0,60,60,5.51,1.833,12.8,2.3,3.8,12.8,3.40,,peralsa01
580,Sammy Peralta*,28,COL,NL,0.0,0,1,.000,10.13,2,1,1,0,0,0,2.2,3,3,3,1,2,0,4,2,0,0,15,54,9.47,1.875,10.1,3.4,6.8,13.5,2.00,,peralsa01
580,Sammy Peralta*,28,LAA,AL,-0.3,0,0,,6.75,8,0,4,0,0,0,9.1,14,7,7,2,3,0,13,1,0,0,45,63,4.38,1.821,13.5,1.9,2.9,12.5,4.33,,peralsa01
581,Andrew Hoffmann,26,ARI,NL,-0.4,1,0,1.000,7.71,8,0,3,0,0,0,11.2,16,12,10,3,8,0,12,1,0,0,59,56,6.69,2.057,12.3,2.3,6.2,9.3,1.50,,hoffman01
582,Matt Wilkinson*,23,SFG,NL,0.1,0,2,.000,4.63,3,3,0,0,0,0,11.2,11,6,6,1,2,0,6,0,0,0,47,88,3.69,1.114,8.5,0.8,1.5,4.6,3.00,,wilkima02
583,Joe Ross,33,2TM,2LG,-0.5,0,1,.000,9.26,8,0,3,0,0,0,11.2,16,13,12,3,6,0,7,0,0,1,57,46,6.78,1.886,12.3,2.3,4.6,5.4,1.17,,rossjo01
583,Joe Ross,33,ARI,NL,-0.4,0,0,,19.64,3,0,0,0,0,0,3.2,7,8,8,1,4,0,2,0,0,1,22,23,8.82,3.000,17.2,2.5,9.8,4.9,0.50,,rossjo01
583,Joe Ross,33,TEX,AL,0.0,0,1,.000,4.50,5,0,3,0,0,0,8.0,9,5,4,2,2,0,5,0,0,0,35,90,5.84,1.375,10.1,2.3,2.3,5.6,2.50,,rossjo01
584,Joel Peguero,29,SFG,NL,0.1,0,0,,2.38,11,0,5,0,0,0,11.1,10,5,3,0,4,0,5,2,0,1,48,171,3.80,1.235,7.9,0.0,3.2,4.0,1.25,,peguejo01
585,Drew Rom*,26,2TM,2LG,-0.2,1,1,.500,6.35,12,0,3,0,0,0,11.1,15,8,8,1,7,1,16,0,1,3,56,72,3.27,1.941,11.9,0.8,5.6,12.7,2.29,,romdr01
585,Drew Rom*,26,MIL,NL,0.1,1,0,1.000,3.18,5,0,1,0,0,0,5.2,6,2,2,1,4,0,11,0,1,3,27,138,3.62,1.765,9.5,1.6,6.4,17.5,2.75,,romdr01
585,Drew Rom*,26,ATH,AL,-0.3,0,1,.000,9.53,7,0,2,0,0,0,5.2,9,6,6,0,3,1,5,0,0,0,29,50,2.92,2.118,14.3,0.0,4.8,7.9,1.67,,romdr01
586,Nick Frasso,27,COL,NL,0.2,1,1,.500,4.09,10,0,3,0,0,0,11.0,13,6,5,0,5,0,10,1,0,3,53,123,2.91,1.636,10.6,0.0,4.1,8.2,2.00,,frassni01
587,Nate Lavender*,26,NYM,NL,0.9,1,0,1.000,0.00,11,0,0,0,0,0,11.0,4,0,0,0,2,0,12,0,0,0,37,,1.46,0.545,3.3,0.0,1.6,9.8,6.00,,lavenna01
588,Hagen Smith*,22,CHW,AL,0.6,2,1,.667,0.82,8,0,1,0,0,0,11.0,3,2,1,1,10,0,16,0,0,2,46,537,4.09,1.182,2.5,0.8,8.2,13.1,1.60,,smithha10
589,Jefry Yan*,29,NYM,NL,0.0,1,1,.500,4.09,11,0,3,0,0,0,11.0,9,6,5,1,9,0,13,1,0,1,52,103,4.64,1.636,7.4,0.8,7.4,10.6,1.44,,yanje01
590,Valente Bellozo,26,COL,NL,-0.3,0,1,.000,7.59,3,0,2,0,0,0,10.2,10,10,9,5,7,2,8,1,0,0,48,66,9.94,1.594,8.4,4.2,5.9,6.8,1.14,,bellova01
591,Beau Brieske,28,DET,AL,-0.2,0,0,,7.59,9,0,6,0,0,0,10.2,12,9,9,3,5,0,9,0,0,0,47,58,6.47,1.594,10.1,2.5,4.2,7.6,1.80,,briesbe01
592,Hurston Waldrep,24,ATL,NL,-0.3,0,1,.000,8.44,3,2,0,0,0,0,10.2,13,10,10,3,10,0,9,2,0,0,56,51,8.44,2.156,11.0,2.5,8.4,7.6,0.90,,waldrhu01
593,Luis Curvelo,25,TEX,AL,-0.4,0,0,,9.58,9,0,3,0,0,0,10.1,17,12,11,4,7,2,6,0,0,1,55,42,9.00,2.323,14.8,3.5,6.1,5.2,0.86,,curvelu01
594,Chad Dallas,26,TOR,AL,-0.2,2,1,.667,6.10,4,0,0,0,0,0,10.1,10,7,7,1,6,0,10,0,0,1,47,75,4.16,1.548,8.7,0.9,5.2,8.7,1.67,,dallach01
595,Alex McFarlane,25,PHI,NL,0.5,4,1,.800,0.87,10,0,3,0,0,0,10.1,5,3,1,0,5,0,10,0,0,0,40,536,2.61,0.968,4.4,0.0,4.4,8.7,2.00,,mcfaral02
596,Dedniel Núñez,30,NYM,NL,-0.2,0,0,,5.23,10,0,2,0,0,0,10.1,13,8,6,3,0,0,10,0,0,0,43,81,4.93,1.258,11.3,2.6,0.0,8.7,,,nunezde01
597,Joe Rock*,25,CHW,AL,0.1,0,1,.000,3.48,4,0,0,0,0,0,10.1,11,5,4,0,11,0,12,2,0,1,53,126,4.54,2.129,9.6,0.0,9.6,10.5,1.09,,rockjo01
598,Jordan Wicks*,26,CHC,NL,-0.9,0,2,.000,10.45,4,2,2,0,0,2,10.1,18,12,12,1,2,0,8,1,0,0,50,41,3.67,1.935,15.7,0.9,1.7,7.0,4.00,,wicksjo01
599,Kade Anderson*,21,SEA,AL,0.1,0,0,,4.50,2,2,0,0,0,0,10.0,8,5,5,2,5,0,8,0,0,0,41,91,5.59,1.300,7.2,1.8,4.5,7.2,1.60,,anderka01
600,Eduardo Rivera*,23,BOS,AL,-0.1,0,1,.000,6.30,4,3,1,0,0,0,10.0,8,7,7,1,6,0,10,0,0,1,44,67,4.19,1.400,7.2,0.9,5.4,9.0,1.67,,rivered01
601,Lucas Sims,32,CHW,AL,-0.1,0,2,.000,4.50,9,0,3,0,0,0,10.0,9,7,5,1,7,0,10,1,0,0,46,98,4.79,1.600,8.1,0.9,6.3,9.0,1.43,,simslu01
602,Jonah Tong,23,NYM,NL,-0.1,1,1,.500,3.60,3,0,1,0,0,0,10.0,8,6,4,1,7,0,7,0,0,0,47,117,5.09,1.500,7.2,0.9,6.3,6.3,1.00,,tongjo01
603,Blake Weiman*,30,LAA,AL,0.1,0,1,.000,2.70,9,0,4,0,0,0,10.0,15,5,3,1,1,1,10,0,0,1,47,157,2.69,1.600,13.5,0.9,0.9,9.0,10.00,,weimabl01
604,Eddy Yean,25,WSN,NL,0.3,0,1,.000,1.80,7,1,2,0,0,0,10.0,5,2,2,1,2,0,6,1,0,1,39,246,4.09,0.700,4.5,0.9,1.8,5.4,3.00,,yeaned01
605,Austin Voth,34,2TM,AL,-0.5,0,1,.000,9.90,3,0,0,0,0,0,10.0,19,12,11,3,6,0,3,0,0,3,56,47,8.19,2.500,17.1,2.7,5.4,2.7,0.50,,vothau01
605,Austin Voth,34,TOR,AL,-0.3,0,0,,9.00,2,0,0,0,0,0,6.0,8,6,6,3,5,0,1,0,0,3,31,52,11.76,2.167,12.0,4.5,7.5,1.5,0.20,,vothau01
605,Austin Voth,34,MIN,AL,-0.2,0,1,.000,11.25,1,0,0,0,0,0,4.0,11,6,5,0,1,0,2,0,0,0,25,41,2.84,3.000,24.8,0.0,2.3,4.5,2.00,,vothau01
606,Bailey Falter*,29,KCR,AL,-0.6,0,2,.000,13.97,5,2,1,0,0,0,9.2,24,15,15,4,6,0,6,0,0,1,57,31,9.09,3.103,22.3,3.7,5.6,5.6,1.00,,falteba01
607,Codi Heuer,29,CLE,AL,0.0,0,1,.000,4.66,8,0,2,0,0,0,9.2,12,5,5,0,5,0,6,1,0,2,46,92,3.71,1.759,11.2,0.0,4.7,5.6,1.20,,heuerco01
608,James Karinchak,30,ATL,NL,0.3,0,0,,1.86,9,0,2,0,0,0,9.2,4,2,2,1,5,0,8,0,0,2,37,231,4.33,0.931,3.7,0.9,4.7,7.4,1.60,,karinja01
609,Colton Gordon*,27,HOU,AL,-0.5,0,0,,11.57,4,1,0,0,0,0,9.1,21,12,12,6,3,1,11,1,0,1,50,37,10.38,2.571,20.3,5.8,2.9,10.6,3.67,,gordoco01
610,Andre Granillo,26,WSN,NL,-0.4,0,0,,9.64,8,0,3,0,0,0,9.1,13,12,10,2,8,0,3,1,0,0,50,46,8.13,2.250,12.5,1.9,7.7,2.9,0.38,,granian01
611,Carlos Rodriguez,24,MIL,NL,0.1,0,0,,3.86,4,0,3,0,0,0,9.1,10,4,4,1,4,0,8,0,0,0,42,111,4.06,1.500,9.6,1.0,3.9,7.7,2.00,,rodrica02
612,Yariel Rodríguez,29,TOR,AL,-0.4,0,1,.000,7.71,10,0,2,0,0,0,9.1,12,11,8,2,7,0,6,1,0,1,45,59,7.16,2.036,11.6,1.9,6.8,5.8,0.86,,rodriya01
613,Mitch Spence,28,KCR,AL,-0.9,0,2,.000,21.21,3,1,1,0,0,0,9.1,19,22,22,3,9,0,6,0,0,0,56,20,8.88,3.000,18.3,2.9,8.7,5.8,0.67,,spencmi01
614,Ken Waldichuk*,28,WSN,NL,-0.1,0,0,,6.75,5,0,1,0,0,0,9.1,8,7,7,4,6,0,8,1,0,0,41,66,9.20,1.500,7.7,3.9,5.8,7.7,1.33,,waldike01
615,Yovanny Cruz,26,2TM,2LG,-0.3,0,1,.000,5.79,10,0,4,0,0,0,9.1,12,6,6,1,6,0,10,1,0,0,44,79,4.59,1.929,11.6,1.0,5.8,9.6,1.67,,cruzyo01
615,Yovanny Cruz,26,NYY,AL,0.1,0,0,,1.69,4,0,2,0,0,0,5.1,3,1,1,0,1,0,6,1,0,0,20,267,1.97,0.750,5.1,0.0,1.7,10.1,6.00,,cruzyo01
615,Yovanny Cruz,26,WSN,NL,-0.4,0,1,.000,11.25,6,0,2,0,0,0,4.0,9,5,5,1,5,0,4,0,0,0,24,41,8.09,3.500,20.3,2.3,11.3,9.0,0.80,,cruzyo01
616,Mason Adams,26,COL,NL,0.3,0,0,,3.00,2,2,0,0,0,0,9.0,8,3,3,2,5,0,10,0,0,1,38,169,5.43,1.444,8.0,2.0,5.0,10.0,2.00,,adamsma02
617,Cameron Foster,27,BAL,AL,-0.2,0,0,,9.00,6,0,3,0,0,0,9.0,17,10,9,1,8,0,9,0,0,2,49,48,5.20,2.778,17.0,1.0,8.0,9.0,1.13,,fosteca01
618,Tommy Kahnle,36,BOS,AL,-0.2,0,0,,8.00,8,0,4,0,0,0,9.0,12,8,8,2,6,0,5,0,0,0,43,53,6.87,2.000,12.0,2.0,6.0,5.0,0.83,,kahnlto01
619,Max Rajcic,24,STL,NL,0.0,0,0,,5.00,6,0,0,0,0,0,9.0,6,5,5,1,6,0,8,0,0,1,39,81,4.76,1.333,6.0,1.0,6.0,8.0,1.33,,rajcima01
620,Jared Shuster*,27,STL,NL,-0.3,0,0,,9.00,5,0,3,0,0,0,9.0,11,10,9,1,6,1,4,0,0,1,44,45,5.65,1.889,11.0,1.0,6.0,4.0,0.67,,shustja01
621,Garrett Acton,28,MIN,AL,0.0,1,1,.500,3.12,5,0,4,0,0,0,8.2,7,6,3,0,3,1,11,2,0,0,38,141,2.29,1.154,7.3,0.0,3.1,11.4,3.67,,actonga01
622,Kolby Allard*,28,CLE,AL,-0.4,0,0,,10.38,4,0,2,0,0,0,8.2,16,10,10,2,3,1,9,1,0,0,45,41,5.40,2.192,16.6,2.1,3.1,9.3,3.00,,allarko01
623,Zach McCambley,27,CIN,NL,0.1,0,0,,4.15,8,0,5,0,0,0,8.2,10,4,4,0,6,1,9,1,0,1,43,105,3.44,1.846,10.4,0.0,6.2,9.3,1.50,,mccamza01
624,Christian Roa,27,HOU,AL,0.0,0,1,.000,5.19,7,0,2,0,0,0,8.2,10,5,5,1,7,0,6,3,0,0,43,83,6.67,1.962,10.4,1.0,7.3,6.2,0.86,,roach02
625,Nick Sandlin,29,LAA,AL,-0.6,0,1,.000,11.42,8,0,2,0,0,0,8.2,9,11,11,2,5,0,6,3,0,0,40,37,7.48,1.615,9.3,2.1,5.2,6.2,1.20,,sandlni01
626,Joey Gerber,29,NYM,NL,0.0,0,0,,4.32,7,0,4,0,0,0,8.1,6,4,4,1,4,0,8,0,0,0,34,98,4.17,1.200,6.5,1.1,4.3,8.6,2.00,,gerbejo01
627,Ben Joyce,25,LAA,AL,0.0,0,2,.000,3.24,9,0,4,0,0,3,8.1,3,5,3,0,5,1,12,1,0,1,33,132,2.37,0.960,3.2,0.0,5.4,13.0,2.40,,joycebe01
628,Antwone Kelly,22,PIT,NL,0.0,0,0,,5.40,4,0,2,0,0,0,8.1,8,5,5,2,4,0,5,0,0,0,36,85,6.45,1.440,8.6,2.2,4.3,5.4,1.25,,kellyan01
629,Riley Martin*,28,CHC,NL,0.2,0,0,,2.16,8,1,2,0,0,0,8.1,5,2,2,1,2,0,10,0,0,0,31,202,2.97,0.840,5.4,1.1,2.2,10.8,5.00,,martiri02
630,Wyatt Olds,26,BOS,AL,0.1,1,0,1.000,1.08,7,0,5,0,0,0,8.1,6,4,1,1,4,0,10,0,0,1,37,395,3.69,1.200,6.5,1.1,4.3,10.8,2.50,,oldswy01
631,Shane Smith,26,CHW,AL,-0.5,0,2,.000,10.80,3,3,0,0,0,0,8.1,12,12,10,1,9,0,11,1,0,0,49,41,5.61,2.520,13.0,1.1,9.7,11.9,1.22,,smithsh02
632,Easton McGee,28,2TM,2LG,-0.2,0,0,,7.56,7,0,5,0,0,0,8.1,12,7,7,2,4,0,8,0,0,1,38,59,5.73,1.920,13.0,2.2,4.3,8.6,2.00,,mcgeeea01
632,Easton McGee,28,MIL,NL,0.1,0,0,,0.00,2,0,2,0,0,0,2.0,1,0,0,0,1,0,1,0,0,0,6,,3.59,1.000,4.5,0.0,4.5,4.5,1.00,,mcgeeea01
632,Easton McGee,28,KCR,AL,-0.2,0,0,,9.95,5,0,3,0,0,0,6.1,11,7,7,2,3,0,7,0,0,1,32,44,6.41,2.211,15.6,2.8,4.3,9.9,2.33,,mcgeeea01
633,Matt Krook*,31,2TM,2LG,-0.7,0,1,.000,10.80,11,0,1,0,0,0,8.1,9,11,10,2,10,0,9,2,0,0,46,44,8.37,2.280,9.7,2.2,10.8,9.7,0.90,,krookma01
633,Matt Krook*,31,ATH,AL,-0.6,0,0,,14.73,5,0,0,0,0,0,3.2,5,7,6,1,4,0,5,1,0,0,21,33,8.00,2.455,12.3,2.5,9.8,12.3,1.25,,krookma01
633,Matt Krook*,31,WSN,NL,-0.2,0,1,.000,7.71,6,0,1,0,0,0,4.2,4,4,4,1,6,0,4,1,0,0,25,60,8.66,2.143,7.7,1.9,11.6,7.7,0.67,,krookma01
634,Carlos Cortes#,29,ATH,AL,-0.2,0,0,,9.00,8,0,8,0,0,0,8.0,13,9,8,4,5,0,1,0,0,1,41,52,11.22,2.250,14.6,4.5,5.6,1.1,0.20,,corteca01
635,Khristian Curtis,24,PIT,NL,0.5,0,0,,0.00,2,0,1,0,0,0,8.0,2,0,0,0,3,0,5,0,0,1,27,,2.97,0.625,2.3,0.0,3.4,5.6,1.67,,curtikh01
636,Robert Garcia*,30,TEX,AL,-0.1,0,1,.000,3.38,9,0,1,0,0,0,8.0,5,5,3,0,7,0,6,0,0,0,34,121,4.22,1.500,5.6,0.0,7.9,6.8,0.86,,garciro04
637,Max Lazar,27,PHI,NL,0.0,0,0,,5.63,6,0,1,0,0,0,8.0,8,5,5,3,3,0,5,0,0,0,35,84,7.84,1.375,9.0,3.4,3.4,5.6,1.67,,lazarma01
638,Chase Lee,27,TOR,AL,-0.3,1,0,1.000,7.88,7,0,1,0,0,1,8.0,8,8,7,3,8,2,2,0,0,1,37,59,10.47,2.000,9.0,3.4,9.0,2.3,0.25,,leech02
639,Garrett Stallings,28,MIL,NL,0.3,0,0,,0.00,4,0,3,0,0,0,8.0,3,0,0,0,3,0,9,0,0,0,30,,1.97,0.750,3.4,0.0,3.4,10.1,3.00,,stallga01
640,Brendan Beck,27,NYY,AL,-0.2,0,1,.000,8.22,3,1,1,0,0,0,7.2,7,7,7,4,5,0,5,0,0,0,34,54,10.53,1.565,8.2,4.7,5.9,5.9,1.00,,beckbr01
641,Paul Gervase,26,LAD,NL,0.1,0,0,,2.35,4,0,2,0,0,0,7.2,7,2,2,0,5,0,8,0,0,0,34,183,2.96,1.565,8.2,0.0,5.9,9.4,1.60,,gervapa01
642,Domingo González,26,SEA,AL,0.0,0,0,,4.70,5,0,5,0,0,0,7.2,9,4,4,1,5,0,5,0,0,0,36,88,5.44,1.826,10.6,1.2,5.9,5.9,1.00,,gonzado01
643,Yaramil Hiraldo,30,BAL,AL,-0.1,1,0,1.000,5.87,7,0,1,0,0,0,7.2,7,5,5,2,6,0,13,1,1,0,37,74,5.83,1.696,8.2,2.3,7.0,15.3,2.17,,hiralya01
644,Landon Knack,28,LAD,NL,-0.1,0,0,,5.87,3,0,3,0,0,1,7.2,8,5,5,4,2,0,6,1,0,0,35,73,9.48,1.304,9.4,4.7,2.3,7.0,3.00,,knackla01
645,Joel Payamps,32,ATL,NL,-0.4,0,2,.000,8.22,12,0,3,0,0,0,7.2,9,9,7,2,4,0,9,0,0,0,36,53,5.70,1.696,10.6,2.3,4.7,10.6,2.25,,payamjo01
646,TJ Shook,28,COL,NL,-0.1,0,0,,8.22,5,0,2,0,0,0,7.2,12,7,7,3,2,0,7,0,0,0,36,62,7.14,1.826,14.1,3.5,2.3,8.2,3.50,,shooktj01
647,Brett Sullivan,32,COL,NL,0.1,0,0,,4.70,7,0,7,0,0,0,7.2,11,4,4,1,2,0,1,0,0,0,34,109,5.31,1.696,12.9,1.2,2.3,1.2,0.50,,sullibr01
648,Chayce McDermott,27,2TM,NL,0.0,1,0,1.000,5.87,5,0,2,0,0,0,7.2,8,5,5,2,4,0,6,0,0,2,36,76,6.48,1.565,9.4,2.3,4.7,7.0,1.50,,mcderch01
648,Chayce McDermott,27,LAD,NL,0.0,0,0,,7.71,2,0,1,0,0,0,2.1,3,2,2,1,0,0,1,0,0,0,10,62,7.81,1.286,11.6,3.9,0.0,3.9,,,mcderch01
648,Chayce McDermott,27,NYM,NL,0.0,1,0,1.000,5.06,3,0,1,0,0,0,5.1,5,3,3,1,4,0,5,0,0,2,26,86,5.91,1.688,8.4,1.7,6.8,8.4,1.25,,mcderch01
649,Cade Horton,24,CHC,NL,0.3,1,0,1.000,2.45,2,2,0,0,0,0,7.1,4,2,2,1,2,0,4,0,0,0,26,179,4.59,0.818,4.9,1.2,2.5,4.9,2.00,,hortoca01
650,Mark Manfredi*,26,COL,NL,0.3,1,1,.500,2.45,6,0,0,0,0,0,7.1,7,2,2,0,6,0,9,0,0,0,33,208,3.09,1.773,8.6,0.0,7.4,11.0,1.50,,manfrma01
651,Alek Manoah,28,LAA,AL,-0.2,0,0,,9.82,3,0,2,0,0,0,7.1,8,9,8,1,8,0,5,0,0,0,39,44,6.77,2.182,9.8,1.2,9.8,6.1,0.63,,manoaal01
652,Kyle Nicolas,27,CIN,NL,-0.2,1,0,1.000,8.59,7,0,2,0,0,0,7.1,8,7,7,1,13,0,7,0,0,2,42,51,8.27,2.864,9.8,1.2,16.0,8.6,0.54,,nicolky01
653,Zach Pop,29,PHI,NL,0.1,0,0,,3.68,7,1,2,0,0,0,7.1,5,3,3,0,3,0,6,1,0,0,31,128,3.09,1.091,6.1,0.0,3.7,7.4,2.00,,popza01
654,Josh Simpson*,28,SEA,AL,-0.4,0,0,,9.82,8,0,2,0,0,0,7.1,11,8,8,4,4,0,10,1,0,0,38,42,9.50,2.045,13.5,4.9,4.9,12.3,2.50,,simpsjo02
655,Carlos Vargas,26,SEA,AL,0.1,0,0,,3.68,5,0,3,0,0,0,7.1,6,3,3,0,2,0,9,0,0,1,30,112,1.46,1.091,7.4,0.0,2.5,11.0,4.50,,vargaca01
656,Michael Grove,29,TBR,AL,-0.1,1,0,1.000,5.14,3,0,1,0,0,0,7.0,7,5,4,3,0,0,6,0,0,0,28,88,6.95,1.000,9.0,3.9,0.0,7.7,,,grovemi01
657,Jared Koenig*,32,MIL,NL,-0.4,0,0,,9.00,9,0,1,0,0,0,7.0,12,9,7,1,7,3,7,1,0,1,41,48,6.38,2.714,15.4,1.3,9.0,9.0,1.00,,koenija01
658,Matt Pushard,28,STL,NL,-0.1,0,0,,5.14,6,0,5,0,0,0,7.0,6,5,4,0,4,0,6,1,0,2,32,80,3.52,1.429,7.7,0.0,5.1,7.7,1.50,,pushama01
659,Tanner Rainey,33,DET,AL,0.1,0,0,,3.86,6,0,2,0,0,0,7.0,3,3,3,0,8,0,6,1,0,4,31,116,5.24,1.571,3.9,0.0,10.3,7.7,0.75,,raineta01
660,Yunior Tur,26,ATH,AL,-0.5,0,0,,21.86,4,0,2,0,0,0,7.0,14,17,17,4,5,0,9,1,0,1,42,21,10.52,2.714,18.0,5.1,6.4,11.6,1.80,,turyu01
661,Brian Fitzpatrick*,26,MIL,NL,0.1,0,0,,1.35,5,0,1,0,0,0,6.2,7,2,1,0,3,0,5,0,1,0,30,321,2.94,1.500,9.5,0.0,4.1,6.8,1.67,,fitzpbr01
662,J.P. France,31,HOU,AL,-0.1,0,0,,8.10,3,0,2,0,0,0,6.2,6,6,6,1,5,0,4,1,0,1,31,54,6.54,1.650,8.1,1.4,6.8,5.4,0.80,,francjp01
663,Marco Gonzales*,34,TEX,AL,0.2,0,0,,1.35,3,0,2,0,0,1,6.2,7,1,1,0,4,1,3,0,0,0,29,304,3.99,1.650,9.5,0.0,5.4,4.1,0.75,,gonzama02
664,Ray Kerr*,31,ATL,NL,0.1,0,0,,2.70,4,0,3,0,0,0,6.2,3,2,2,1,1,0,5,2,0,0,27,162,4.89,0.600,4.1,1.4,1.4,6.8,5.00,,kerrra01
665,Owen Murphy,22,ATL,NL,-0.1,0,1,.000,4.05,3,1,2,0,0,0,6.2,6,5,3,1,2,0,6,1,0,0,29,108,4.59,1.200,8.1,1.4,2.7,8.1,3.00,,murphow01
666,Parker Mushinski*,30,COL,NL,0.2,1,0,1.000,2.70,8,0,1,0,0,0,6.2,9,2,2,0,5,0,0,0,0,1,34,190,5.34,2.100,12.2,0.0,6.8,0.0,0.00,,mushipa01
667,Andrew Sears*,23,DET,AL,-0.1,0,1,.000,6.75,2,0,0,0,0,0,6.2,8,5,5,1,1,0,4,0,0,0,28,66,4.29,1.350,10.8,1.4,1.4,5.4,4.00,,searsan01
668,Erik Tolman*,27,WSN,NL,0.5,0,0,,0.00,5,0,1,0,0,1,6.2,3,0,0,0,2,0,8,0,0,0,23,,1.59,0.750,4.1,0.0,2.7,10.8,4.00,,tolmaer01
669,CJ Van Eyk,27,TOR,AL,0.0,0,1,.000,4.05,4,0,2,0,0,0,6.2,11,4,3,1,2,0,1,1,0,0,35,115,6.09,1.950,14.9,1.4,2.7,1.4,0.50,,vaneycj01
670,Jedixson Páez,22,2TM,AL,-0.6,0,1,.000,18.90,4,1,1,0,0,0,6.2,14,14,14,4,5,0,3,0,0,0,39,24,12.24,2.850,18.9,5.4,6.8,4.1,0.60,,paezje01
670,Jedixson Páez,22,BOS,AL,-0.3,0,1,.000,19.64,1,1,0,0,0,0,3.2,10,8,8,2,2,0,3,0,0,0,23,23,10.18,3.273,24.5,4.9,4.9,7.4,1.50,,paezje01
670,Jedixson Páez,22,CHW,AL,-0.2,0,0,,18.00,3,0,1,0,0,0,3.0,4,6,6,2,3,0,0,0,0,0,16,26,14.76,2.333,12.0,6.0,9.0,0.0,0.00,,paezje01
671,Kervin Castro,27,NYY,AL,0.3,0,0,,1.42,5,0,2,0,0,0,6.1,3,1,1,0,2,0,8,0,0,0,23,313,1.51,0.789,4.3,0.0,2.8,11.4,4.00,,castrke01
672,Wyatt Mills,31,LAD,NL,-0.1,0,0,,5.68,6,0,4,0,0,0,6.1,5,5,4,0,9,1,5,2,0,1,36,76,6.72,2.211,7.1,0.0,12.8,7.1,0.56,,millswy01
673,Ricky Vanasco,27,DET,AL,-0.6,0,1,.000,15.63,5,0,2,0,0,0,6.1,14,12,11,2,6,0,4,0,0,1,40,29,8.78,3.158,19.9,2.8,8.5,5.7,0.67,,vanasri01
674,Michael Fulmer,33,2TM,AL,0.2,0,0,,1.42,6,0,0,0,0,0,6.1,5,2,1,0,3,1,7,1,0,0,28,325,2.78,1.263,7.1,0.0,4.3,9.9,2.33,,fulmemi01
674,Michael Fulmer,33,LAA,AL,0.2,0,0,,0.00,3,0,0,0,0,0,3.2,2,0,0,0,2,1,4,0,0,0,15,,2.55,1.091,4.9,0.0,4.9,9.8,2.00,,fulmemi01
674,Michael Fulmer,33,NYY,AL,0.0,0,0,,3.38,3,0,0,0,0,0,2.2,3,2,1,0,1,0,3,1,0,0,13,142,3.09,1.500,10.1,0.0,3.4,10.1,3.00,,fulmemi01
675,Carl Edwards Jr.,34,NYM,NL,0.2,0,0,,1.50,2,0,1,0,0,0,6.0,3,1,1,1,4,0,11,0,0,0,25,288,3.59,1.167,4.5,1.5,6.0,16.5,2.75,,edwarca01
676,Daniel Espino,25,CLE,AL,0.0,0,0,,4.50,6,0,2,0,0,0,6.0,5,3,3,1,4,0,12,0,0,0,27,97,3.26,1.500,7.5,1.5,6.0,18.0,3.00,,espinda02
677,Tyler Gilbert*,32,CHW,AL,-0.4,0,0,,12.00,5,1,0,0,0,0,6.0,12,8,8,2,4,0,4,0,0,0,32,38,8.09,2.667,18.0,3.0,6.0,6.0,1.00,,gilbety01
678,Elieser Hernández,31,ATL,NL,0.2,1,0,1.000,1.50,2,0,1,0,0,1,6.0,6,1,1,1,4,1,6,0,0,0,28,293,5.26,1.667,9.0,1.5,6.0,9.0,1.50,,hernael01
679,Cole Irvin*,32,LAD,NL,-0.4,0,1,.000,9.00,1,0,0,0,0,0,6.0,8,6,6,1,3,0,5,1,0,0,30,48,5.59,1.833,12.0,1.5,4.5,7.5,1.67,,irvinco01
680,Brandon Leibrandt*,33,CIN,NL,-0.1,0,0,,7.50,1,0,1,0,0,0,6.0,10,5,5,2,3,1,3,0,0,0,30,59,7.93,2.167,15.0,3.0,4.5,4.5,1.00,,leibrbr01
681,Brycen Mautz*,24,STL,NL,-0.2,0,1,.000,9.00,2,0,1,0,0,0,6.0,9,6,6,1,3,0,10,0,0,3,29,46,3.43,2.000,13.5,1.5,4.5,15.0,3.33,,mautzbr01
682,Marco Raya,23,MIN,AL,0.1,0,0,,3.00,3,0,3,0,0,0,6.0,5,2,2,1,3,0,4,0,0,0,25,149,5.43,1.333,7.5,1.5,4.5,6.0,1.33,,rayama01
683,Jose Trevino,33,CIN,NL,-0.3,0,0,,16.50,5,0,5,0,0,0,6.0,18,11,11,1,1,0,1,1,0,0,36,27,5.93,3.167,27.0,1.5,1.5,1.5,1.00,,trevijo01
684,Miguel Ullola,24,HOU,AL,0.0,0,0,,4.50,4,0,3,0,0,0,6.0,4,3,3,2,1,0,9,0,0,0,23,97,4.93,0.833,6.0,3.0,1.5,13.5,9.00,,ullolmi01
685,Logan VanWey,27,HOU,AL,0.2,1,0,1.000,1.50,5,0,5,0,0,0,6.0,5,2,1,0,0,0,5,0,0,0,22,292,1.43,0.833,7.5,0.0,0.0,7.5,,,vanwelo01
686,Lou Trivino,34,2TM,2LG,-0.3,0,0,,15.00,5,0,1,0,0,0,6.0,10,10,10,1,7,0,7,1,0,1,36,32,6.93,2.833,15.0,1.5,10.5,10.5,1.00,,trivilo01
686,Lou Trivino,34,BAL,AL,-0.2,0,0,,18.00,2,0,0,0,0,0,3.0,6,6,6,0,3,0,3,0,0,0,18,26,4.09,3.000,18.0,0.0,9.0,9.0,1.00,,trivilo01
686,Lou Trivino,34,PHI,NL,-0.1,0,0,,12.00,3,0,1,0,0,0,3.0,4,4,4,1,4,0,4,1,0,1,18,42,9.76,2.667,12.0,3.0,12.0,12.0,1.00,,trivilo01
687,Carter Baumler,24,TEX,AL,0.1,0,0,,3.18,4,0,1,0,0,0,5.2,4,2,2,1,6,0,6,1,0,0,27,131,6.98,1.765,6.4,1.6,9.5,9.5,1.00,,baumlca01
688,Nolan Hoffman,28,2TM,2LG,0.1,0,0,,3.18,4,0,2,0,0,0,5.2,6,2,2,0,3,0,3,1,0,0,24,157,4.15,1.588,9.5,0.0,4.8,4.8,1.00,,hoffmno01
688,Nolan Hoffman,28,KCR,AL,0.0,0,0,,0.00,1,0,0,0,0,0,1.0,0,0,0,0,0,0,1,1,0,0,3,,4.09,0.000,0.0,0.0,0.0,9.0,,,hoffmno01
688,Nolan Hoffman,28,PHI,NL,0.1,0,0,,3.86,3,0,2,0,0,0,4.2,6,2,2,0,3,0,2,0,0,0,21,126,4.16,1.929,11.6,0.0,5.8,3.9,0.67,,hoffmno01
689,Taylor Rashi,30,2TM,2LG,-0.2,1,0,1.000,7.94,4,0,2,0,0,0,5.2,6,5,5,1,3,0,5,0,0,0,26,61,5.21,1.588,9.5,1.6,4.8,7.9,1.67,,rashita01
689,Taylor Rashi,30,ARI,NL,-0.2,1,0,1.000,9.82,3,0,2,0,0,0,3.2,3,4,4,1,1,0,4,0,0,0,15,47,5.27,1.091,7.4,2.5,2.5,9.8,4.00,,rashita01
689,Taylor Rashi,30,ATH,AL,0.0,0,0,,4.50,1,0,0,0,0,0,2.0,3,1,1,0,2,0,1,0,0,0,11,116,5.09,2.500,13.5,0.0,9.0,4.5,0.50,,rashita01
690,Jhony Brito,28,SDP,NL,0.0,0,0,,3.38,3,0,1,0,0,0,5.1,4,2,2,1,1,0,4,0,0,0,20,128,4.59,0.938,6.8,1.7,1.7,6.8,4.00,,britojh01
691,Eric Cerantola,26,KCR,AL,-0.2,0,0,,10.13,4,0,2,0,0,0,5.1,4,6,6,2,10,0,7,0,0,1,27,44,10.97,2.625,6.8,3.4,16.9,11.8,0.70,,ceraner01
692,Tyler Heineman,35,2TM,AL,-0.1,0,0,,10.13,5,0,5,0,0,0,5.1,9,6,6,2,1,0,0,0,0,0,26,48,8.53,1.875,15.2,3.4,1.7,0.0,0.00,,heinety01
692,Tyler Heineman,35,TOR,AL,-0.2,0,0,,13.50,3,0,3,0,0,0,3.1,7,5,5,1,1,0,0,0,0,0,18,36,7.89,2.400,18.9,2.7,2.7,0.0,0.00,,heinety01
692,Tyler Heineman,35,LAA,AL,0.0,0,0,,4.50,2,0,2,0,0,0,2.0,2,1,1,1,0,0,0,0,0,0,8,108,9.59,1.000,9.0,4.5,0.0,0.0,,,heinety01
693,Spencer Bivens,32,SFG,NL,-0.5,0,0,,14.40,4,0,1,0,0,0,5.0,11,10,8,1,4,0,8,0,0,2,30,29,4.89,3.000,19.8,1.8,7.2,14.4,2.00,,bivensp01
694,Kent Emanuel*,34,CIN,NL,0.2,0,1,.000,3.60,1,1,0,0,0,0,5.0,5,2,2,0,3,0,4,1,0,0,23,125,3.89,1.600,9.0,0.0,5.4,7.2,1.33,,emanuke01
695,Alek Jacob,28,SDP,NL,0.0,1,0,1.000,5.40,3,0,1,0,0,0,5.0,5,3,3,1,2,0,6,1,0,0,23,80,5.09,1.400,9.0,1.8,3.6,10.8,3.00,,jacobal01
696,Michael Kelly,33,ATH,AL,-0.8,0,0,,16.20,5,0,2,0,0,0,5.0,12,9,9,1,6,0,6,0,0,0,32,29,6.89,3.600,21.6,1.8,10.8,10.8,1.00,,kellymi03
697,Corbin Martin,30,CHC,NL,-0.3,0,0,,10.80,7,0,3,0,0,1,5.0,5,6,6,2,5,0,4,0,0,1,25,42,9.69,2.000,9.0,3.6,9.0,7.2,0.80,,martico02
698,Jack Ralston,28,MIA,NL,0.2,0,0,,1.80,4,0,0,0,0,0,5.0,4,1,1,1,0,0,4,0,0,0,19,236,4.09,0.800,7.2,1.8,0.0,7.2,,,ralstja01
699,Gregory Santos,26,SFG,NL,-0.1,0,0,,3.60,3,0,1,0,0,0,5.0,5,5,2,0,3,0,1,0,1,0,22,118,4.49,1.600,9.0,0.0,5.4,1.8,0.33,,santogr01
700,Robby Snelling*,22,MIA,NL,0.0,0,1,.000,5.40,1,1,0,0,0,0,5.0,5,3,3,1,4,0,2,0,0,0,22,79,7.29,1.800,9.0,1.8,7.2,3.6,0.50,,snellro01
701,Ben Williamson,25,TBR,AL,0.0,0,0,,3.60,5,0,5,0,0,0,5.0,5,2,2,1,1,0,0,0,0,0,21,128,6.29,1.200,9.0,1.8,1.8,0.0,0.00,,willibe03
702,Bruce Zimmermann*,31,STL,NL,0.0,0,0,,5.40,1,0,0,0,0,0,5.0,6,3,3,0,1,0,2,0,0,0,21,78,2.89,1.400,10.8,0.0,1.8,3.6,2.00,,zimmebr02
703,Ben Casparius,27,LAD,NL,-0.2,0,1,.000,9.64,5,0,2,0,0,0,4.2,6,5,5,1,4,0,4,0,0,0,23,46,6.74,2.143,11.6,1.9,7.7,7.7,1.00,,caspabe01
704,Ian Hamilton,31,ATL,NL,-0.1,0,0,,7.71,4,0,1,0,0,0,4.2,6,4,4,0,3,0,4,0,0,0,23,58,3.31,1.929,11.6,0.0,5.8,7.7,1.33,,hamilia01
705,Yunior Marté,22,SFG,NL,0.2,0,0,,1.93,1,1,0,0,0,0,4.2,3,1,1,0,2,0,3,0,0,0,18,221,3.09,1.071,5.8,0.0,3.9,5.8,1.50,,marteyu02
706,Justin Martínez,24,ARI,NL,0.0,1,0,1.000,0.00,5,0,2,0,0,0,4.2,2,2,0,0,4,0,5,1,0,1,21,,4.16,1.286,3.9,0.0,7.7,9.6,1.25,,martiju01
707,Javier Sanoja,23,MIA,NL,-0.2,0,0,,13.50,5,0,5,0,0,0,4.2,11,7,7,2,1,0,1,1,0,0,27,32,9.52,2.571,21.2,3.9,1.9,1.9,1.00,,sanojja01
708,Tyler Tolbert,28,KCR,AL,-0.4,0,0,,25.07,5,0,5,0,0,0,4.2,17,13,13,4,3,0,0,1,0,0,33,18,16.81,4.286,32.8,7.7,5.8,0.0,0.00,,tolbety01
709,John Brebbia,36,COL,NL,-0.1,0,0,,10.38,3,0,1,0,0,0,4.1,7,5,5,2,0,0,2,0,0,0,21,51,8.17,1.615,14.5,4.2,0.0,4.2,,,brebbjo01
710,Juan Burgos,26,ARI,NL,0.1,0,0,,2.08,4,0,3,0,0,0,4.1,3,1,1,0,0,0,0,1,0,0,17,219,3.79,0.692,6.2,0.0,0.0,0.0,,,burgoju01
711,José Corniell,23,TEX,AL,-0.5,0,1,.000,20.77,2,0,1,0,0,0,4.1,11,10,10,2,4,1,4,0,0,0,28,20,10.02,3.462,22.8,4.2,8.3,8.3,1.00,,cornijo01
712,Joey Estes,24,ATH,AL,-0.1,0,0,,8.31,1,1,0,0,0,0,4.1,5,4,4,1,1,0,4,0,0,0,18,58,4.94,1.385,10.4,2.1,2.1,8.3,4.00,,estesjo01
713,Braxton Garrett*,28,MIA,NL,-0.4,0,1,.000,14.54,2,2,0,0,0,0,4.1,7,7,7,0,8,0,5,0,0,0,28,29,6.32,3.462,14.5,0.0,16.6,10.4,0.63,,garrebr01
714,John Klein,24,MIN,AL,0.1,0,1,.000,4.15,3,0,2,0,0,0,4.1,3,2,2,1,4,0,2,0,0,0,19,110,7.94,1.615,6.2,2.1,8.3,4.2,0.50,,kleinjo01
715,Jack Weisenburger,28,NYM,NL,0.1,0,0,,2.08,3,0,2,0,0,0,4.1,3,1,1,0,2,0,4,0,0,0,18,213,2.63,1.154,6.2,0.0,4.2,8.3,2.00,,weiseja01
716,Jeff Criswell,27,COL,NL,0.1,0,0,,4.50,3,0,1,0,0,0,4.0,4,2,2,2,3,0,3,0,0,0,18,117,10.34,1.750,9.0,4.5,6.8,6.8,1.00,,criswje01
717,Jake Eder*,27,LAD,NL,0.1,1,0,1.000,2.25,4,0,4,0,0,0,4.0,3,1,1,0,1,0,1,0,0,0,15,199,3.34,1.000,6.8,0.0,2.3,2.3,1.00,,ederja01
718,Julian Fernández,30,WSN,NL,0.0,0,0,,2.25,3,0,3,0,0,0,4.0,3,3,1,1,2,0,3,0,0,1,18,207,6.34,1.250,6.8,2.3,4.5,6.8,1.50,,fernaju02
719,Woo-Suk Go,27,MIN,AL,-0.1,0,0,,9.00,4,0,2,0,0,0,4.0,8,4,4,2,2,0,5,0,0,0,22,51,8.59,2.500,18.0,4.5,4.5,11.3,2.50,,gowo01
720,Bradley Hanner,27,NYY,AL,-0.1,0,0,,6.75,3,0,2,0,0,0,4.0,6,3,3,2,0,0,6,0,0,0,18,68,6.59,1.500,13.5,4.5,0.0,13.5,,,hannebr01
721,Hunter Harvey,31,CHC,NL,-0.1,0,1,.000,6.75,4,0,1,0,0,0,4.0,5,3,3,2,1,0,4,0,0,0,18,68,8.34,1.500,11.3,4.5,2.3,9.0,4.00,,harvehu01
722,Jonathan Heasley,29,TBR,AL,-0.1,0,0,,11.25,1,0,1,0,0,0,4.0,8,5,5,2,0,0,2,0,0,0,19,42,8.59,2.000,18.0,4.5,0.0,4.5,,,heasljo01
723,James McCann,36,ARI,NL,-0.2,0,0,,11.25,4,0,4,0,0,0,4.0,9,6,5,1,3,0,0,0,0,0,23,41,8.59,3.000,20.3,2.3,6.8,0.0,0.00,,mccanja02
724,Patrick Monteverde*,28,MIA,NL,-0.1,0,0,,9.00,1,0,1,0,0,0,4.0,5,4,4,1,1,0,2,0,0,1,18,48,6.09,1.500,11.3,2.3,2.3,4.5,2.00,,montepa01
725,Roddery Muñoz,26,HOU,AL,-0.3,0,0,,15.75,3,0,0,0,0,0,4.0,7,7,7,3,6,0,6,0,0,2,25,29,14.34,3.250,15.8,6.8,13.5,13.5,1.00,,munozro01
726,César Perdomo*,24,SFG,NL,0.1,0,0,,2.25,1,0,0,0,0,0,4.0,3,1,1,1,1,0,4,0,0,0,15,192,5.09,1.000,6.8,2.3,2.3,9.0,4.00,,perdoce01
727,Miguel Rojas,37,LAD,NL,-0.2,0,0,,13.50,4,0,4,0,0,0,4.0,9,6,6,2,1,0,0,1,0,0,23,33,11.09,2.500,20.3,4.5,2.3,0.0,0.00,,rojasmi02
728,Myles Straw,31,TOR,AL,0.0,0,0,,4.50,4,0,4,0,0,0,4.0,8,2,2,1,1,0,0,0,0,0,20,107,7.09,2.250,18.0,2.3,2.3,0.0,0.00,,strawmy01
729,Jorbit Vivas,25,WSN,NL,-0.2,0,0,,13.50,4,0,4,0,0,0,4.0,11,7,6,1,1,0,0,3,0,0,27,34,9.34,3.000,24.8,2.3,2.3,0.0,0.00,,vivasjo01
730,Alex Cook,25,TBR,AL,-0.1,0,0,,7.36,2,0,0,0,0,0,3.2,4,3,3,1,2,0,2,0,0,0,17,64,7.18,1.636,9.8,2.5,4.9,4.9,1.00,,cookal01
731,Zach Eflin,32,BAL,AL,0.1,0,0,,2.45,1,1,0,0,0,0,3.2,4,1,1,1,2,0,7,0,0,0,17,185,4.46,1.636,9.8,2.5,4.9,17.2,3.50,,eflinza01
732,Anthony Gose*,35,KCR,AL,0.1,1,0,1.000,0.00,3,0,1,0,0,0,3.2,1,0,0,0,0,0,0,0,0,1,12,,3.09,0.273,2.5,0.0,0.0,0.0,,,gosean01
733,Johan Oviedo,28,BOS,AL,-0.1,0,0,,9.82,1,0,1,0,0,0,3.2,6,4,4,2,1,0,3,1,0,1,18,46,10.18,1.909,14.7,4.9,2.5,7.4,3.00,,oviedjo01
734,Nick Raquet*,30,BAL,AL,-0.1,0,0,,7.36,4,0,3,0,0,0,3.2,3,3,3,1,2,0,1,1,0,0,17,62,8.55,1.364,7.4,2.5,4.9,2.5,0.50,,raqueni01
735,Ildemaro Vargas,34,ARI,NL,0.0,0,0,,4.91,3,0,3,0,0,0,3.2,3,2,2,0,3,0,0,1,0,0,17,94,6.37,1.636,7.4,0.0,7.4,0.0,0.00,,vargail01
736,Justin Verlander,43,DET,AL,-0.2,0,1,.000,12.27,1,1,0,0,0,0,3.2,6,5,5,1,2,0,1,0,0,1,19,38,7.73,2.182,14.7,2.5,4.9,2.5,0.50,AS,verlaju01
737,Chris Devenski,35,2TM,NL,0.1,0,0,,4.91,5,0,2,0,0,0,3.2,5,2,2,1,0,0,3,0,0,0,16,104,5.00,1.364,12.3,2.5,0.0,7.4,,,devench02
737,Chris Devenski,35,PIT,NL,0.0,0,0,,7.71,3,0,1,0,0,0,2.1,5,2,2,1,0,0,3,0,0,0,12,65,6.09,2.143,19.3,3.9,0.0,11.6,,,devench02
737,Chris Devenski,35,NYM,NL,0.1,0,0,,0.00,2,0,1,0,0,0,1.1,0,0,0,0,0,0,0,0,0,0,4,,3.09,0.000,0.0,0.0,0.0,0.0,,,devench02
738,Yilber Díaz,25,2TM,2LG,-0.3,0,0,,27.00,3,0,1,0,0,0,3.2,10,11,11,2,5,0,4,0,0,0,25,19,12.09,4.091,24.5,4.9,12.3,9.8,0.80,,diazyi01
738,Yilber Díaz,25,ARI,NL,-0.2,0,0,,94.50,1,0,0,0,0,0,0.2,7,7,7,1,1,0,0,0,0,0,10,7,27.09,12.000,94.5,13.5,13.5,0.0,0.00,,diazyi01
738,Yilber Díaz,25,DET,AL,-0.1,0,0,,12.00,2,0,1,0,0,0,3.0,3,4,4,1,4,0,4,0,0,0,15,40,8.76,2.333,9.0,3.0,12.0,12.0,1.00,,diazyi01
739,Andrew Wantz,30,2TM,2LG,-0.2,0,0,,14.73,2,0,1,0,0,0,3.2,5,6,6,1,3,0,1,2,0,0,20,34,10.18,2.182,12.3,2.5,7.4,2.5,0.33,,wantzan01
739,Andrew Wantz,30,TBR,AL,-0.2,0,0,,27.00,1,0,0,0,0,0,1.2,2,5,5,1,2,0,1,2,0,0,11,19,16.89,2.400,10.8,5.4,10.8,5.4,0.50,,wantzan01
739,Andrew Wantz,30,CHC,NL,0.0,0,0,,4.50,1,0,1,0,0,0,2.0,3,1,1,0,1,0,0,0,0,0,9,110,4.59,2.000,13.5,0.0,4.5,0.0,0.00,,wantzan01
740,Joey Lucchesi*,33,LAA,AL,-0.4,0,1,.000,13.50,5,0,1,0,0,0,3.1,7,6,5,1,6,0,4,1,0,0,24,34,10.89,3.900,18.9,2.7,16.2,10.8,0.67,,lucchjo01
741,Noah Murdock,27,PIT,NL,0.2,0,0,,0.00,3,0,1,0,0,0,3.1,3,0,0,0,3,0,4,0,0,1,15,,3.39,1.800,8.1,0.0,8.1,10.8,1.33,,murdono01
742,Garrett Stubbs,33,PHI,NL,0.0,0,0,,5.40,4,0,4,0,0,0,3.1,4,2,2,0,1,0,0,0,0,0,15,92,3.99,1.500,10.8,0.0,2.7,0.0,0.00,,stubbga01
743,Vince Velasquez,34,CHC,NL,0.1,0,0,,0.00,2,0,2,0,0,0,3.1,1,0,0,0,0,0,1,0,0,1,11,,2.49,0.300,2.7,0.0,0.0,2.7,,,velasvi01
744,Hunter Stratton,29,2TM,NL,0.0,0,0,,5.40,3,0,2,0,0,0,3.1,6,2,2,0,0,0,3,0,0,0,15,97,1.29,1.800,16.2,0.0,0.0,8.1,,,strathu01
744,Hunter Stratton,29,ATL,NL,0.0,0,0,,0.00,1,0,1,0,0,0,1.0,1,0,0,0,0,0,1,0,0,0,3,,1.09,1.000,9.0,0.0,0.0,9.0,,,strathu01
744,Hunter Stratton,29,PIT,NL,0.0,0,0,,7.71,2,0,1,0,0,0,2.1,5,2,2,0,0,0,2,0,0,0,12,65,1.38,2.143,19.3,0.0,0.0,7.7,,,strathu01
745,Weston Wilson,31,2TM,AL,-0.2,0,0,,18.90,4,0,4,0,0,0,3.1,11,7,7,2,0,0,0,0,0,0,21,26,10.89,3.300,29.7,5.4,0.0,0.0,,,wilsowe01
745,Weston Wilson,31,BAL,AL,-0.1,0,0,,15.43,3,0,3,0,0,0,2.1,6,4,4,2,0,0,0,0,0,0,13,31,14.24,2.571,23.1,7.7,0.0,0.0,,,wilsowe01
745,Weston Wilson,31,SEA,AL,-0.1,0,0,,27.00,1,0,1,0,0,0,1.0,5,3,3,0,0,0,0,0,0,0,8,20,3.09,5.000,45.0,0.0,0.0,0.0,,,wilsowe01
746,Lyon Richardson,26,2TM,NL,-0.2,0,1,.000,13.50,3,1,1,0,0,0,3.1,2,5,5,2,3,0,4,1,0,0,16,38,12.09,1.500,5.4,5.4,8.1,10.8,1.33,,richaly01
746,Lyon Richardson,26,CIN,NL,-0.3,0,1,.000,27.00,2,1,0,0,0,0,1.2,2,5,5,2,2,0,3,1,0,0,10,19,20.49,2.400,10.8,10.8,10.8,16.2,1.50,,richaly01
746,Lyon Richardson,26,MIL,NL,0.1,0,0,,0.00,1,0,1,0,0,0,1.2,0,0,0,0,1,0,1,0,0,0,6,,3.69,0.600,0.0,0.0,5.4,5.4,1.00,,richaly01
747,Tanner Andrews,30,TOR,AL,0.1,0,0,,0.00,2,0,2,0,0,0,3.0,1,0,0,0,2,0,1,0,0,0,11,,4.43,1.000,3.0,0.0,6.0,3.0,0.50,,andreta01
748,Ty Blach*,35,CHC,NL,0.1,0,0,,0.00,1,0,1,0,0,0,3.0,1,0,0,0,0,0,2,0,0,0,9,,1.76,0.333,3.0,0.0,0.0,6.0,,,blachty01
749,Zach Brzykcy,26,MIA,NL,0.1,0,0,,3.00,2,0,1,0,0,0,3.0,3,1,1,0,2,0,2,0,0,0,12,148,3.76,1.667,9.0,0.0,6.0,6.0,1.00,,brzykza01
750,Tyler Callihan,26,PIT,NL,0.1,0,0,,0.00,4,0,4,0,0,0,3.0,3,0,0,0,3,0,1,0,0,0,15,,5.43,2.000,9.0,0.0,9.0,3.0,0.33,,callity01
751,Jonathan Cannon,25,CHW,AL,-0.1,0,0,,9.00,2,0,1,0,0,1,3.0,4,3,3,0,5,0,4,0,0,0,18,53,5.43,3.000,12.0,0.0,15.0,12.0,0.80,,cannojo02
752,Eiberson Castellano,25,COL,NL,0.1,0,0,,0.00,1,0,1,0,0,1,3.0,4,0,0,0,0,0,2,1,0,0,12,,2.76,1.333,12.0,0.0,0.0,6.0,,,casteei01
753,Rodolfo Durán,28,SDP,NL,-0.3,0,0,,27.00,2,0,2,0,0,0,3.0,9,9,9,2,1,0,0,0,0,0,19,17,12.76,3.333,27.0,6.0,3.0,0.0,0.00,,duranro02
754,Josh Fleming*,30,TOR,AL,-0.2,0,0,,12.00,1,0,0,0,0,0,3.0,6,4,4,1,2,0,1,1,0,0,18,41,9.76,2.667,18.0,3.0,6.0,3.0,0.50,,flemijo01
755,Kyle Higashioka,36,TEX,AL,-0.2,0,0,,21.00,3,0,3,0,0,0,3.0,8,7,7,1,1,0,0,1,0,0,18,21,9.43,3.000,24.0,3.0,3.0,0.0,0.00,,higasky01
756,Brian Keller,32,PHI,NL,0.1,0,0,,3.00,1,0,0,0,0,0,3.0,2,1,1,1,0,0,3,0,0,0,11,168,5.43,0.667,6.0,3.0,0.0,9.0,,,kellebr02
757,Carson Kelly,31,CHC,NL,0.0,0,0,,6.00,3,0,3,0,0,0,3.0,4,2,2,2,0,0,0,0,0,0,13,78,11.76,1.333,12.0,6.0,0.0,0.0,,,kellyca02
758,Thomas Pannone*,32,MIL,NL,-0.1,0,1,.000,6.00,1,1,0,0,0,0,3.0,3,3,2,1,2,0,2,0,0,0,14,77,8.09,1.667,9.0,3.0,6.0,6.0,1.00,,pannoth01
759,Luis Perales,23,WSN,NL,-0.4,0,0,,21.00,2,0,0,0,0,0,3.0,8,7,7,1,4,0,5,0,0,1,21,23,8.09,4.000,24.0,3.0,12.0,15.0,1.25,,perallu02
760,Manuel Rodríguez,29,TBR,AL,0.1,0,0,,0.00,3,0,0,0,0,0,3.0,2,0,0,0,4,1,5,0,0,0,15,,3.76,2.000,6.0,0.0,12.0,15.0,1.25,,rodrima01
761,Jared Simpson*,26,WSN,NL,0.3,1,0,1.000,0.00,1,0,0,0,0,0,3.0,0,0,0,0,0,0,3,0,0,0,8,,1.09,0.000,0.0,0.0,0.0,9.0,,,simpsja01
762,Chase Solesky,28,TBR,AL,0.0,0,0,,6.00,1,0,0,0,0,0,3.0,6,2,2,1,1,0,4,0,0,0,17,80,5.76,2.333,18.0,3.0,3.0,12.0,4.00,,solesch01
763,Andrew Vaughn,28,MIL,NL,-0.3,0,0,,30.00,2,0,2,0,0,0,3.0,12,10,10,4,5,0,1,1,0,0,26,15,25.76,5.667,36.0,12.0,15.0,3.0,0.20,,vaughan01
764,Cade Winquest,26,STL,NL,-0.1,0,0,,3.00,2,0,1,0,0,0,3.0,2,3,1,0,2,0,3,0,0,0,13,147,3.09,1.333,6.0,0.0,6.0,9.0,1.50,,winquca01
765,Austin Hedges,33,CLE,AL,0.0,0,0,,6.75,3,0,3,0,0,0,2.2,4,2,2,0,0,0,1,0,0,0,12,70,2.34,1.500,13.5,0.0,0.0,3.4,,,hedgeau01
766,Brooks Kriske,32,ATH,AL,0.1,0,0,,0.00,2,0,1,0,0,0,2.2,2,0,0,0,1,0,2,0,0,0,11,,2.72,1.125,6.8,0.0,3.4,6.8,2.00,,kriskbr01
767,Ricky Tiedemann*,23,TOR,AL,0.0,0,0,,3.38,2,0,0,0,0,0,2.2,2,1,1,0,2,0,2,0,0,0,11,148,3.84,1.500,6.8,0.0,6.8,6.8,1.00,,tiederi01
768,Tyler Uberstine,27,BOS,AL,0.0,0,1,.000,3.38,1,0,0,0,0,0,2.2,3,1,1,1,1,0,2,0,0,0,11,138,7.59,1.500,10.1,3.4,3.4,6.8,2.00,,ubersty01
769,Luisangel Acuña,24,CHW,AL,0.0,0,0,,3.86,3,0,3,0,0,0,2.1,2,1,1,1,1,0,0,0,0,0,10,127,9.95,1.286,7.7,3.9,3.9,0.0,0.00,,acunajo01
770,Welinton Herrera*,22,COL,NL,0.1,0,0,,0.00,3,0,1,0,0,0,2.1,2,0,0,0,1,0,2,0,0,0,10,,2.66,1.286,7.7,0.0,3.9,7.7,2.00,,herrewe01
771,Derek Law,35,ARI,NL,0.0,0,0,,3.86,2,0,0,0,0,0,2.1,3,1,1,0,1,0,1,0,0,0,11,126,3.52,1.714,11.6,0.0,3.9,3.9,1.00,,lawde01
772,Jorge Mateo,31,ATL,NL,0.0,0,0,,3.86,3,0,3,0,0,0,2.1,5,1,1,0,1,0,1,0,0,0,12,124,3.52,2.571,19.3,0.0,3.9,3.9,1.00,,mateojo01
773,Cody Ponce,32,TOR,AL,0.0,0,0,,3.86,1,1,0,0,0,0,2.1,1,1,1,0,1,0,3,0,1,1,10,132,1.81,0.857,3.9,0.0,3.9,11.6,3.00,,ponceco01
774,Jake Rogers,31,DET,AL,0.1,0,0,,0.00,3,0,3,0,0,0,2.1,3,0,0,0,1,0,3,1,0,0,12,,3.09,1.714,11.6,0.0,3.9,11.6,3.00,,rogerja03
775,Luis Torrens,30,NYM,NL,0.0,0,0,,7.71,2,0,2,0,0,0,2.1,4,2,2,2,0,0,0,0,0,0,11,61,14.24,1.714,15.4,7.7,0.0,0.0,,,torrelu01
776,José Buttó,28,SFG,NL,-0.2,0,0,,22.50,3,0,1,0,0,0,2.0,6,5,5,2,4,0,5,0,0,0,16,21,17.09,5.000,27.0,9.0,18.0,22.5,1.25,,buttojo01
777,Duncan Davitt,26,CHW,AL,0.0,0,0,,4.50,2,0,2,0,0,0,2.0,2,1,1,1,1,0,1,0,0,0,8,112,10.09,1.500,9.0,4.5,4.5,4.5,1.00,,davitdu01
778,Adam Frazier,34,LAA,AL,-0.1,0,0,,18.00,3,0,3,0,0,0,2.0,7,4,4,1,2,0,0,0,0,0,14,27,12.59,4.500,31.5,4.5,9.0,0.0,0.00,,fraziad01
779,Alex Jackson,30,MIN,AL,-0.1,0,0,,13.50,2,0,2,0,0,0,2.0,3,3,3,2,1,0,0,0,0,0,10,37,17.59,2.000,13.5,9.0,4.5,0.0,0.00,,jacksal02
780,Troy Johnston*,29,COL,NL,0.1,0,0,,0.00,2,0,2,0,0,0,2.0,1,0,0,0,1,0,0,1,0,0,9,,6.09,1.000,4.5,0.0,4.5,0.0,0.00,,johnstr02
781,Christian Koss,28,SFG,NL,-0.1,0,0,,13.50,2,0,2,0,0,0,2.0,5,3,3,0,0,0,0,0,0,0,10,35,3.09,2.500,22.5,0.0,0.0,0.0,,,kossch01
782,Seth Lonsway*,27,SFG,NL,-0.1,0,0,,9.00,1,0,1,0,0,0,2.0,5,3,2,0,0,0,2,0,0,0,11,52,1.09,2.500,22.5,0.0,0.0,9.0,,,lonswse01
783,Zach McKinstry,31,DET,AL,-0.1,0,0,,18.00,2,0,1,0,0,0,2.0,3,4,4,1,5,0,0,1,0,0,15,28,18.59,4.000,13.5,4.5,22.5,0.0,0.00,,mckinza01
784,Rolddy Muñoz,26,ATL,NL,-0.1,0,0,,13.50,1,0,0,0,0,0,2.0,5,3,3,1,1,0,3,0,0,0,12,36,8.09,3.000,22.5,4.5,4.5,13.5,3.00,,munozro02
785,Doug Nikhazy*,26,CHW,AL,0.0,0,0,,4.50,1,0,1,0,0,0,2.0,1,1,1,0,2,0,1,0,0,2,9,112,5.09,1.500,4.5,0.0,9.0,4.5,0.50,,nikhado01
786,Pedro Pagés,27,STL,NL,0.0,0,0,,4.50,2,0,2,0,0,0,2.0,2,1,1,1,0,0,0,0,0,0,7,104,9.59,1.000,9.0,4.5,0.0,0.0,,,pagespe02
787,Wilkin Ramos,25,SFG,NL,-0.2,0,0,,22.50,2,0,0,0,0,0,2.0,5,5,5,0,4,0,1,0,0,0,15,21,8.09,4.500,22.5,0.0,18.0,4.5,0.25,,ramoswi02
788,Braxton Roxby,27,SFG,NL,-0.1,0,0,,9.00,2,0,1,0,0,0,2.0,4,2,2,0,0,0,2,1,0,0,11,52,2.59,2.000,18.0,0.0,0.0,9.0,,,roxbybr01
789,Gary Sánchez,33,MIL,NL,0.1,0,0,,0.00,2,0,2,0,0,0,2.0,4,0,0,0,0,0,0,0,0,0,10,,3.09,2.000,18.0,0.0,0.0,0.0,,,sanchga02
790,Winston Santos,24,TEX,AL,-0.1,0,0,,9.00,1,0,1,0,0,0,2.0,2,2,2,1,1,0,1,0,0,2,9,52,10.09,1.500,9.0,4.5,4.5,4.5,1.00,,santowi01
791,Matt Seelinger,31,NYM,NL,-0.5,0,1,.000,31.50,1,0,0,0,0,0,2.0,5,7,7,1,4,0,2,0,0,0,15,15,13.59,4.500,22.5,4.5,18.0,9.0,0.50,,seelima01
792,Bryan Torres,28,STL,NL,0.1,0,0,,0.00,1,0,1,0,0,0,2.0,1,0,0,0,1,0,0,0,0,0,8,,4.59,1.000,4.5,0.0,4.5,0.0,0.00,,torrebr01
793,Joey Wiemer,27,WSN,NL,-0.2,0,0,,22.50,2,0,2,0,0,0,2.0,7,5,5,1,2,0,0,1,0,1,16,22,14.09,4.500,31.5,4.5,9.0,0.0,0.00,,wiemejo01
794,Adrian Del Castillo,26,ARI,NL,0.0,0,0,,5.40,1,0,1,0,0,0,1.2,4,1,1,0,0,0,0,1,0,0,10,95,4.89,2.400,21.6,0.0,0.0,0.0,,,delcaad01
795,Dylan Moore,33,PHI,NL,0.0,0,0,,5.40,2,0,2,0,0,0,1.2,1,1,1,0,1,0,0,1,0,0,8,101,6.69,1.200,5.4,0.0,5.4,0.0,0.00,,mooredy01
796,Yacksel Ríos,33,CHC,NL,0.1,0,0,,0.00,1,0,1,0,0,0,1.2,0,0,0,0,0,0,2,0,0,0,5,,0.69,0.000,0.0,0.0,0.0,10.8,,,riosya01
797,Emiliano Teodo,25,TEX,AL,-0.1,0,0,,10.80,1,0,0,0,0,0,1.2,3,2,2,0,2,0,1,0,0,1,10,44,5.49,3.000,16.2,0.0,10.8,5.4,0.50,,teodoem01
798,Jhonathan Díaz*,29,SEA,AL,0.0,0,0,,6.75,1,0,1,0,0,0,1.1,2,1,1,1,0,0,1,0,0,0,6,75,11.34,1.500,13.5,6.8,0.0,6.8,,,diazjh01
799,Carlos Durán,24,KCR,AL,-0.1,1,0,1.000,13.50,2,0,1,0,0,0,1.1,2,2,2,0,3,0,1,0,0,1,9,39,8.34,3.750,13.5,0.0,20.3,6.8,0.33,,duranca01
800,Antoine Kelly*,26,CHC,NL,0.1,0,0,,0.00,1,0,1,0,0,0,1.1,0,0,0,0,1,0,1,0,0,0,4,,3.84,0.750,0.0,0.0,6.8,6.8,1.00,,kellyan02
801,Jackson Rutledge,27,WSN,NL,-0.2,0,0,,47.25,1,0,0,0,0,0,1.1,6,7,7,0,2,0,2,0,0,0,12,11,4.59,6.000,40.5,0.0,13.5,13.5,1.00,,rutleja01
802,Blake Adams,25,COL,NL,-0.2,0,0,,45.00,1,0,0,0,0,0,1.0,5,5,5,1,2,0,0,0,0,0,9,14,22.09,7.000,45.0,9.0,18.0,0.0,0.00,,adamsbl01
803,Orlando Arcia,31,MIN,AL,0.0,0,0,,9.00,1,0,1,0,0,0,1.0,1,1,1,0,2,0,0,0,0,0,5,64,9.09,3.000,9.0,0.0,18.0,0.0,0.00,,arciaor01
804,Ben Bowden*,31,ATH,AL,-0.1,0,0,,36.00,1,0,0,0,0,0,1.0,2,4,4,0,2,0,0,1,0,1,8,17,12.09,4.000,18.0,0.0,18.0,0.0,0.00,,bowdebe01
805,Blake Burkhalter,25,ATL,NL,0.0,0,0,,9.00,1,0,0,0,0,0,1.0,1,1,1,0,1,0,1,0,0,1,5,63,4.09,2.000,9.0,0.0,9.0,9.0,1.00,,burkhbl01
806,Luis De León*,23,BAL,AL,-0.2,0,1,.000,9.00,1,0,0,0,0,0,1.0,1,2,1,1,0,0,1,0,0,0,5,63,14.09,1.000,9.0,9.0,0.0,9.0,,,deleolu02
807,Jose Espada,29,BAL,AL,0.0,0,0,,0.00,1,0,1,0,0,0,1.0,2,0,0,0,0,0,0,0,0,0,4,,3.09,2.000,18.0,0.0,0.0,0.0,,,espadjo01
808,Rafael Flores,25,PIT,NL,0.0,0,0,,0.00,1,0,1,0,0,0,1.0,2,0,0,0,0,0,0,0,0,0,5,,3.09,2.000,18.0,0.0,0.0,0.0,,,florera03
809,Sam Haggerty,32,TEX,AL,0.0,0,0,,0.00,1,0,1,0,0,0,1.0,0,0,0,0,0,0,0,1,0,0,3,,6.09,0.000,0.0,0.0,0.0,0.0,,,haggesa01
810,Kevin Herget,35,NYM,NL,0.0,0,0,,0.00,1,0,1,0,0,0,1.0,0,0,0,0,0,0,0,0,0,0,3,,3.09,0.000,0.0,0.0,0.0,0.0,,,hergeke01
811,Kiké Hernández,34,LAD,NL,0.0,0,0,,0.00,1,0,1,0,0,0,1.0,1,0,0,0,0,0,0,0,0,0,4,,3.09,1.000,9.0,0.0,0.0,0.0,,,hernaen02
812,P.J. Higgins,33,CIN,NL,0.0,0,0,,0.00,1,0,1,0,0,0,1.0,0,0,0,0,0,0,1,0,0,0,3,,1.09,0.000,0.0,0.0,0.0,9.0,,,higgipj01
813,Buddy Kennedy,27,SFG,NL,-0.1,0,0,,36.00,1,0,1,0,0,0,1.0,4,4,4,0,2,0,0,0,0,1,9,15,9.09,6.000,36.0,0.0,18.0,0.0,0.00,,kennebu01
814,Nolan Kingham,29,TEX,AL,0.0,0,0,,9.00,1,0,1,0,0,0,1.0,1,1,1,0,2,0,1,0,0,0,6,60,7.09,3.000,9.0,0.0,18.0,9.0,0.50,,kinghno01
815,Luke Little*,25,CHC,NL,0.0,0,0,,9.00,1,0,1,0,0,0,1.0,2,1,1,1,0,0,1,0,0,0,5,64,14.09,2.000,18.0,9.0,0.0,9.0,,,littllu01
816,Nicky Lopez,31,TEX,AL,0.0,0,0,,9.00,1,0,1,0,0,0,1.0,4,1,1,0,0,0,1,0,0,0,7,60,1.09,4.000,36.0,0.0,0.0,9.0,,,lopezni01
817,Luke Maile,35,KCR,AL,0.0,0,0,,0.00,1,0,1,0,0,0,1.0,0,0,0,0,0,0,0,0,0,0,3,,3.09,0.000,0.0,0.0,0.0,0.0,,,mailelu01
818,Seth Martinez,31,BOS,AL,0.0,0,0,,9.00,1,0,1,0,0,0,1.0,2,1,1,0,0,0,1,1,0,0,6,62,4.09,2.000,18.0,0.0,0.0,9.0,,,martise01
819,Reese McGuire,31,CHW,AL,0.0,0,0,,0.00,1,0,1,0,0,0,1.0,0,0,0,0,0,0,0,0,0,0,3,,3.09,0.000,0.0,0.0,0.0,0.0,,,mcguire01
820,Jake Meyers*,30,HOU,AL,0.0,0,0,,0.00,1,0,1,0,0,0,1.0,0,0,0,0,0,0,0,0,0,0,3,,3.09,0.000,0.0,0.0,0.0,0.0,,,meyerja02
821,Leo Rivas,28,SEA,AL,-0.2,0,0,,63.00,1,0,1,0,0,0,1.0,9,9,7,1,1,0,0,0,0,0,13,9,19.09,10.000,81.0,9.0,9.0,0.0,0.00,,rivasle01
822,Víctor Robles,29,SEA,AL,-0.1,0,0,,27.00,1,0,1,0,0,0,1.0,5,3,3,0,1,0,0,0,0,0,9,20,6.09,6.000,45.0,0.0,9.0,0.0,0.00,,roblevi01
823,Josh Rojas,32,KCR,AL,0.0,0,0,,0.00,1,0,1,0,0,0,1.0,1,0,0,0,0,0,0,0,0,0,4,,3.09,1.000,9.0,0.0,0.0,0.0,,,rojasjo01
824,Dylan Ross,25,NYM,NL,0.0,0,0,,0.00,1,0,0,0,0,0,1.0,0,0,0,0,0,0,0,0,0,0,3,,3.09,0.000,0.0,0.0,0.0,0.0,,,rossdy01
825,César Salazar,30,HOU,AL,0.0,0,0,,9.00,1,0,1,0,0,0,1.0,1,1,1,1,0,0,0,0,0,0,4,63,16.09,1.000,9.0,9.0,0.0,0.0,,,salazce01
826,Max Schuemann,29,NYY,AL,0.0,0,0,,0.00,1,0,1,0,0,0,1.0,1,0,0,0,1,0,0,0,0,0,5,,6.09,2.000,9.0,0.0,9.0,0.0,0.00,,schuema01
827,Zack Short,31,NYM,NL,0.0,0,0,,0.00,1,0,1,0,0,0,1.0,0,0,0,0,0,0,0,0,0,0,3,,3.09,0.000,0.0,0.0,0.0,0.0,,,shortza01
828,Kade Strowd,28,ARI,NL,0.0,0,0,,9.00,1,0,0,0,0,0,1.0,1,1,1,0,3,0,1,0,0,0,7,64,10.09,4.000,9.0,0.0,27.0,9.0,0.33,,strowka01
829,Chadwick Tromp,31,BAL,AL,-0.1,0,0,,18.00,1,0,1,0,0,0,1.0,3,2,2,1,1,0,0,0,0,0,6,31,19.09,4.000,27.0,9.0,9.0,0.0,0.00,,trompch01
830,LaMonte Wade Jr.*,32,HOU,AL,-0.1,0,0,,18.00,1,0,1,0,0,0,1.0,3,2,2,1,0,0,0,0,0,0,6,31,16.09,3.000,27.0,9.0,0.0,0.0,,,wadela01
831,Blake Walston*,25,ARI,NL,0.0,0,0,,9.00,1,0,1,0,0,0,1.0,1,1,1,0,0,0,0,0,0,0,4,64,3.09,1.000,9.0,0.0,0.0,0.0,,,walstbl01
832,Cameron Weston,25,BAL,AL,0.0,0,0,,0.00,1,0,1,0,0,0,1.0,0,0,0,0,1,0,1,0,0,0,3,,4.09,1.000,0.0,0.0,9.0,9.0,1.00,,westoca01
833,Guillo Zuñiga,27,NYM,NL,0.1,0,0,,0.00,1,0,0,0,0,0,1.0,0,0,0,0,1,0,1,0,0,0,4,,4.09,1.000,0.0,0.0,9.0,9.0,1.00,,zuniggu01
834,Andruw Monasterio,29,BOS,AL,-0.2,0,0,,67.50,1,0,1,0,0,0,0.2,3,5,5,2,3,0,0,0,0,0,8,9,55.59,9.000,40.5,27.0,40.5,0.0,0.00,,monasan01
835,Josh White,25,MIA,NL,-0.2,0,0,,67.50,1,0,0,0,0,0,0.2,1,5,5,1,4,0,1,1,0,0,8,9,42.09,7.500,13.5,13.5,54.0,13.5,0.25,,whitejo04
836,Aaron Brooks,36,TBR,AL,-0.5,0,1,.000,81.00,1,0,1,0,0,0,0.1,1,4,3,1,2,0,0,0,0,0,4,11,60.09,9.000,27.0,27.0,54.0,0.0,0.00,,brookaa01
837,Carlos Estévez,33,KCR,AL,-0.5,0,1,.000,162.00,1,0,1,0,0,0,0.1,4,6,6,1,2,0,0,0,0,0,7,5,60.09,18.000,108.0,27.0,54.0,0.0,0.00,,estevca01
838,Joe La Sorsa*,28,BOS,AL,-0.1,0,0,,27.00,1,0,1,0,0,0,0.1,1,1,1,1,0,0,1,0,0,0,2,32,36.09,3.000,27.0,27.0,0.0,27.0,,,lasorjo01
839,Yunior Marté,31,CIN,NL,-0.3,0,0,,108.00,1,0,0,0,0,0,0.1,3,4,4,0,1,1,1,1,0,0,6,8,15.09,12.000,81.0,0.0,27.0,27.0,1.00,,marteyu01
840,Tanner McDougal,23,CHW,AL,-0.1,0,0,,27.00,1,0,0,0,0,0,0.1,0,1,1,0,3,0,0,1,0,0,5,33,39.09,9.000,0.0,0.0,81.0,0.0,0.00,,mcdouta01
841,Jhonny Pereda,30,SEA,AL,-0.1,0,0,,54.00,1,0,0,0,0,0,0.1,3,2,2,1,0,0,0,0,0,0,4,16,42.09,9.000,81.0,27.0,0.0,0.0,,,peredjh01
,League Average,,,,,,,.500,4.18,,,,,,,,,,,,,,,,,,,100,4.18,1.306,8.3,1.2,3.4,8.5,2.47,,-9999